"mp","m1_shift","m1_stretch","m2_shift","m2_stretch"
"1_a",0.195039519610364,2.0775582105999,0.0676043860236935,1.18790502218997
"2_a",0.76854483737073,-2.6275391295544e-16,0.0995220641007384,0.850675351865077
"3_a",0.963584356981094,2.0775582105999,0.0508212370629955,0.636311634041509
"4_a",-0.382336878506911,1.3850388070666,0.0604467894702565,1.13641995937181
"5_a",1.15475279623455,1.3850388070666,0.115673183201479,1.06223622429054
"6_a",0.38620795886382,1.3850388070666,0.0902616249502809,0.800613649686124
"7_a",-0.191168439253456,0.692519403533297,0.0871506404257356,1.33953092980552
"8_a",0.772415917727639,2.7700776141332,0.0900094885366412,1.06986434126618
"9_a",1.345921235488,0.692519403533298,0.109450633104153,0.939900818297894
"10_a",-0.191168439253455,0.6925194035333,0.070835418368862,1.09817541254858
"11_a",-0.191168439253455,0.692519403533299,0.0614506578772153,1.0430153507592
"12_a",0.195039519610365,2.0775582105999,0.0817104363767709,0.945725898039472
"13_a",0.577376398117275,0.692519403533299,0.0651476693256443,0.985999643326373
"14_a",1.61239993270284e-16,8.29950664070649e-16,0.00523318198613841,1.2048839173956
"15_a",0.195039519610365,2.0775582105999,0.110866638104217,1.39806351796137
"16_a",0.386207958863819,1.3850388070666,0.0776961141834254,0.841814454815096
"17_a",0.195039519610365,2.0775582105999,0.0643865978277855,0.737254608434144
"18_a",0.386207958863819,1.3850388070666,0.0671167958621696,1.45130691729474
"19_a",0.963584356981095,2.0775582105999,0.0871506404257356,1.33953092980552
"20_a",1.73212919435182,2.0775582105999,0.0672783021724686,0.923177259350801
"21_a",-0.191168439253455,0.692519403533301,0.0393649610019025,1.01505860883467
"22_a",0.38620795886382,1.3850388070666,0.070835418368862,1.09817541254858
"23_a",0.195039519610364,2.0775582105999,0.0614506578772153,1.0430153507592
"24_a",0.76854483737073,-5.34970813038828e-16,0.0510096256299647,1.07455829957077
"25_a",-0.573505317760366,2.0775582105999,0.0773903068396356,0.916973435604791
"26_a",1.345921235488,0.6925194035333,0.106708577678748,1.08307196387975
"27_a",0.386207958863819,1.3850388070666,0.094781816142825,1.28363304608944
"28_a",-1.08397324214802e-17,-4.80570067219648e-17,0.0597021225054853,1.07498736493089
"29_a",0.386207958863819,1.3850388070666,0.0306609755953299,1.37876922845014
"30_a",-0.76854483737073,7.41931405894329e-16,0.0477901090723129,0.677311224680736
"31_a",1.73212919435183,2.0775582105999,0.080625256607237,1.1867453568133
"32_a",1.345921235488,0.692519403533299,0.0640572324805267,1.06057695485729
"33_a",-3.58198816623335e-17,-1.98882994970712e-16,0.0347135133040563,0.874422230187744
"34_a",-0.191168439253455,0.6925194035333,0.0427339068642301,0.745880594968704
"35_a",-1.92329763360528,-1.3850388070666,0.0697892514418617,1.0482796903294
"36_a",0.77241591772764,2.7700776141332,0.0665885878564804,1.29262846514107
"37_a",0.195039519610363,2.0775582105999,0.0651476693256443,0.985999643326373
"38_a",1.15475279623455,1.3850388070666,0.068852314520311,1.09648803415309
"39_a",0.38620795886382,1.3850388070666,0.0808439375836061,1.01718757600144
"40_a",-0.959713276624185,0.6925194035333,0.112300816582064,0.957916518393926
"41_a",1.15475279623455,1.3850388070666,0.0708470506019678,1.00629418966305
"42_a",0.76854483737073,-1.93531945786169e-15,0.0626963973708347,1.07456852601933
"43_a",0.00387108035690885,2.7700776141332,0.11749245664169,1.13234338692468
"44_a",0.195039519610364,2.0775582105999,0.0429228675562446,0.937365839416348
"45_a",0.577376398117275,0.692519403533299,0.0393649610019025,1.01505860883467
"46_a",0.38620795886382,1.3850388070666,0.0717801409777765,0.865542392443403
"47_a",-3.54048912523136e-16,-8.49631484301547e-16,0.0600783185672731,0.800820049693056
"48_a",-0.382336878506911,1.3850388070666,0.0817104363767709,0.945725898039472
"49_a",-0.191168439253455,0.692519403533302,0.0676043860236935,1.18790502218997
"50_a",0.772415917727639,2.7700776141332,0.147426382949144,0.801314229544323
"51_a",-0.386207958863819,-1.3850388070666,0.119344010811138,0.879291201534703
"52_a",0.77241591772764,2.7700776141332,0.0777137896788089,0.959366633597139
"53_a",-1.15088171587764,1.3850388070666,0.0548944370763946,1.24736275357822
"54_a",-0.191168439253456,0.692519403533299,0.0902616249502809,0.800613649686124
"55_a",0.577376398117275,0.692519403533299,0.0942438678372753,0.365208522851602
"56_a",0.963584356981094,2.0775582105999,0.0900094885366412,1.06986434126618
"57_a",1.53708967474146,-4.08109423459643e-16,0.0744077970530278,0.977479713566283
"58_a",-0.963584356981094,-2.0775582105999,0.0908243118753284,1.00175647723798
"59_a",1.05879451392378e-15,3.57557621644967e-15,0.0811354918859459,0.648083859000359
"60_a",1.345921235488,0.692519403533299,0.0203088148831586,1.20339070110207
"61_a",-0.577376398117276,-0.692519403533304,0.0975034473672593,0.888965856013587
"62_a",-0.382336878506911,1.3850388070666,0.0044733041950327,1.07714075695109
"63_a",0.195039519610363,2.0775582105999,0.0893213102905271,0.498415259574776
"64_a",0.77241591772764,2.7700776141332,0.0950161408781283,1.01741766538655
"65_a",0.577376398117274,0.692519403533298,0.0708470506019678,1.00629418966305
"66_a",0.386207958863819,1.3850388070666,0.0946820234416157,1.17735204096154
"67_a",0.195039519610364,2.0775582105999,0.0371068491111371,0.292422405136312
"68_a",-0.577376398117275,-0.692519403533302,0.0429228675562446,0.937365839416348
"69_a",-0.577376398117275,-0.692519403533302,0.109450633104153,0.939900818297894
"70_a",-0.386207958863819,-1.3850388070666,0.0717801409777765,0.865542392443403
"71_a",0.386207958863821,1.3850388070666,0.0179639719299277,1.10629243107845
"72_a",-0.191168439253455,0.692519403533298,0.112804144770058,1.04512964996187
"73_a",0.772415917727638,2.77007761413319,0.0800971999974272,0.836530060238179
"74_a",0.38620795886382,1.3850388070666,0.068852314520311,1.09648803415309
"75_a",-0.577376398117275,-0.692519403533301,0.0808439375836061,1.01718757600144
"76_a",-0.382336878506911,1.3850388070666,0.0777137896788089,0.959366633597139
"77_a",0.38620795886382,1.3850388070666,0.0932601169017233,1.0342652069768
"78_a",-0.382336878506912,1.38503880706659,0.0902616249502809,0.800613649686124
"79_a",-0.959713276624185,0.6925194035333,0.0871506404257356,1.33953092980552
"80_a",0.195039519610364,2.0775582105999,0.0656540539204171,1.08405292133173
"81_a",-0.569912205926747,-1.60537818362822,0.0748942951014253,1.10333939647769
"82_a",2.47828145515097,4.81613455088464,0.0717801409777765,0.865542392443403
"83_a",-1.33845704329748,-1.60537818362822,0.0600783185672731,0.800820049693056
"84_a",0.569912205926747,1.60537818362822,0.0506167279834839,0.846322146117074
"85_a",-0.569912205926744,-1.60537818362821,0.0676043860236935,1.18790502218997
"86_a",-1.33845704329747,-1.60537818362821,0.0999020029962914,0.91454693208733
"87_a",5.41063063548961e-16,9.76357843801475e-16,0.0808439375836061,1.01718757600144
"88_a",-1.53708967474146,4.0122111363008e-16,0.0431267627755535,0.960816748800353
"89_a",-2.10700188066821,-1.60537818362823,0.0932601169017233,1.0342652069768
"90_a",-0.768544837370727,6.00699325587589e-15,0.0626963973708347,1.07456852601933
"91_a",-1.53708967474146,5.9060456549865e-15,0.0639020516213213,0.572396065732437
"92_a",-0.19863263144398,1.60537818362822,0.138720357769089,1.04148718113509
"93_a",-0.768544837370727,5.00986531591585e-15,0.0571296280516639,1.05919900265618
"94_a",2.47828145515097,4.81613455088464,0.10986848277288,1.13797056203255
"95_a",3.24682629252171,4.81613455088466,0.0838801705058303,1.13247446113264
"96_a",2.47828145515098,4.81613455088466,0.0817104363767709,0.945725898039472
"97_a",1.05551834430319e-15,2.43030093281956e-15,0.0825539166954764,1.03843543910178
"98_a",-0.768544837370729,7.19111056114027e-16,0.068472375624758,1.03261645393084
"99_a",1.13982441185351,3.21075636725645,0.0423438643560745,1.15508395046817
"100_a",-1.33845704329748,-1.60537818362822,0.0777137896788089,0.959366633597139
"1_b",-0.611835533173141,-7.18909880932834,0.0324813707766391,1.21939173626447
"2_b",-1.43120941488616,-2.3963662697761,0.0902616249502809,0.800613649686124
"3_b",-0.694850872589096,-2.39636626977612,0.0568088242097819,1.54671847268635
"4_b",-0.694850872589095,-2.39636626977612,0.0656540539204171,1.08405292133173
"5_b",-0.819373881713026,4.79273253955225,0.0744077970530278,0.977479713566283
"6_b",0.694850872589095,2.39636626977612,0.0717801409777765,0.865542392443403
"7_b",6.39122340174423e-16,3.82609897490095e-15,0.104937343824503,0.979738270439943
"8_b",1.38970174517819,4.79273253955223,0.0817104363767709,0.945725898039472
"9_b",0.61183553317314,7.18909880932833,0.0676043860236935,1.18790502218997
"10_b",-0.860881551421003,7.18909880932836,0.0680924367292052,0.968744873708584
"11_b",0.611835533173142,7.18909880932834,0.0508212370629955,0.636311634041509
"12_b",0.819373881713026,-4.79273253955225,0.0777491406695758,1.19447099116123
"13_b",-2.16756795718324,-2.39636626977614,0.0932601169017233,1.0342652069768
"14_b",0.611835533173141,7.18909880932834,0.0626963973708347,1.07456852601933
"15_b",0.0415076697079771,-2.39636626977612,0.11394584293592,1.61950459040164
"16_b",-0.0415076697079772,2.39636626977612,0.0429228675562446,0.937365839416348
"17_b",-0.694850872589095,-2.39636626977612,0.0916859660543917,0.895760424476384
"18_b",-2.84168452388441e-16,-2.08457573671903e-15,0.0517912474713101,0.96196132775401
"19_b",1.27675412818897e-16,9.36589074194801e-16,0.0165916326199855,0.864097130012309
"20_b",0.653343202881118,4.79273253955223,0.143504955516864,0.916297248430571
"21_b",-0.653343202881118,-4.79273253955224,0.0825539166954764,1.03843543910178
"22_b",0.694850872589095,2.39636626977612,0.0841871893105247,0.973581693009084
"23_b",-0.0415076697079772,2.39636626977612,0.0808439375836061,1.01718757600144
"24_b",-0.736358542297072,-9.68842488442581e-16,0.129603167781384,1.01596755018334
"25_b",-0.777866212005049,2.3963662697761,0.0708470506019678,1.00629418966305
"26_b",1.43120941488616,2.3963662697761,0.117826852529727,0.526658773352923
"27_b",0.653343202881118,4.79273253955223,0.0906972541315055,0.852369726328562
"28_b",-2.04261832241973e-16,-1.49840440010332e-15,0.0900094885366412,1.06986434126618
"29_b",-1.43120941488616,-2.3963662697761,0.0571296280516639,1.05919900265618
"30_b",-2.16756795718324,-2.39636626977615,0.0917690344842429,0.769123457132796
"31_b",-3.62688229745116e-16,-8.93516193944155e-16,0.106309683134445,1.22193357150608
"32_b",0.0415076697079772,-2.39636626977612,0.0817104363767709,0.945725898039472
"33_b",0.694850872589095,2.39636626977612,0.0999601640653085,1.09087123487719
"34_b",0.611835533173141,7.18909880932834,0.0841871893105247,0.973581693009084
"35_b",-0.0415076697079772,2.39636626977612,0.0808439375836061,1.01718757600144
"36_b",0.041507669707977,-2.39636626977612,0.112318492077448,1.07546869717597
"37_b",-2.16987125879196e-16,-2.3722292519519e-15,0.0708470506019678,1.00629418966305
"38_b",0.653343202881118,4.79273253955223,0.0902616249502809,0.800613649686124
"39_b",0.653343202881119,4.79273253955224,0.0906972541315055,0.852369726328562
"40_b",-0.694850872589097,-2.39636626977613,0.0218159294441232,0.629803095520041
"41_b",-4.51487385532385e-16,-2.59236239770894e-15,0.0744077970530278,0.977479713566283
"42_b",1.34819407547021,7.18909880932834,0.0717801409777765,0.865542392443403
"43_b",2.08455261776729,7.18909880932836,0.0600783185672731,0.800820049693056
"44_b",-3.28196431193772e-16,-2.11960862012413e-15,0.0817104363767709,0.945725898039472
"45_b",-0.694850872589095,-2.39636626977612,0.112452978039042,0.739496272925392
"46_b",-0.653343202881118,-4.79273253955223,0.036282870462119,1.02294281532984
"47_b",0.0415076697079778,-2.39636626977611,0.110866638104217,1.39806351796137
"48_b",0.653343202881117,4.79273253955223,0.0431267627755535,0.960816748800353
"49_b",-0.0415076697079772,2.39636626977612,0.0324813707766391,1.21939173626447
"50_b",1.38970174517818,4.79273253955221,0.0626963973708347,1.07456852601933
"51_b",-0.0415076697079771,2.39636626977612,0.0335602354053674,0.779583608613272
"52_b",-0.736358542297074,-1.92279736296515e-14,0.0900094885366412,1.06986434126618
"53_b",0.777866212005049,-2.3963662697761,0.0921724641027892,1.02162010738779
"54_b",1.43120941488616,2.39636626977611,0.10986848277288,1.13797056203255
"55_b",-0.124523009123932,7.18909880932836,0.0838801705058303,1.13247446113264
"56_b",0.736358542297072,5.16503973235524e-15,0.0817104363767709,0.945725898039472
"57_b",0.653343202881119,4.79273253955224,0.132315942106923,0.993837447564403
"58_b",0.694850872589094,2.39636626977611,0.0845671282060776,1.03745327323134
"59_b",-0.0830153394159524,4.79273253955223,0.110866638104217,1.39806351796137
"60_b",2.38824443276837e-16,2.47180386887664e-15,0.0604291139748729,1.01886778058977
"61_b",0.694850872589096,2.39636626977612,0.0643865978277855,0.737254608434144
"62_b",-0.736358542297073,-4.63911920948165e-15,0.0626963973708347,1.07456852601933
"63_b",-0.0415076697079781,2.39636626977611,0.0335602354053674,0.779583608613272
"64_b",0.736358542297073,7.48120022777632e-15,0.0900094885366412,1.06986434126618
"65_b",0.0415076697079769,-2.39636626977612,0.0744077970530278,0.977479713566283
"66_b",2.12606028747527,4.79273253955225,0.0908243118753284,1.00175647723798
"67_b",-0.0830153394159533,4.79273253955222,0.0628229971871576,1.28521065182534
"68_b",2.15956854493897,9.98732572030212,0.0817104363767709,0.945725898039472
"69_b",-4.36864417183016,-9.98732572030205,0.0651476693256443,0.985999643326373
"70_b",-0.854295423634427,2.13278110064223,0.0838072504149718,0.90971011278683
"71_b",-0.736358542297072,-1.57877353396167e-15,0.0508212370629955,0.636311634041509
"72_b",1.44796354361802,4.99366286015106,0.0604114384794894,0.901315601807724
"73_b",1.44796354361802,4.99366286015107,0.0932601169017233,1.0342652069768
"74_b",-0.736358542297072,-8.76714247562396e-15,0.0946820234416157,1.17735204096154
"75_b",-0.427147711817216,1.06639055032112,0.0906972541315055,0.852369726328562
"76_b",-1.47271708459413,1.70747363745415e-14,0.0672783021724686,0.923177259350801
"77_b",1.44796354361801,4.99366286015105,0.0739212990046302,0.851620030654873
"78_b",1.44796354361803,4.99366286015108,0.0717801409777765,0.865542392443403
"79_b",-2.18432208591509,-4.99366286015106,0.0614506578772153,1.0430153507592
"80_b",0.191273949142499,3.19917165096333,0.0817104363767709,0.945725898039472
"81_b",-0.0247535409761066,4.99366286015111,0.0825539166954764,1.03843543910178
"82_b",-0.663021474491934,5.33195275160557,0.100281941891844,0.978418512309584
"83_b",5.79185417447206,19.9746514406042,0.119344010811138,0.879291201534703
"84_b",8.71253480268421,24.9683143007552,0.0950161408781283,1.01741766538655
"85_b",2.89592708723602,9.98732572030207,0.0932601169017233,1.0342652069768
"86_b",-0.736358542297074,-6.22697058241849e-15,0.0626963973708347,1.07456852601933
"87_b",1.44796354361803,4.99366286015108,0.0871506404257356,1.33953092980552
"88_b",-0.427147711817214,1.06639055032112,0.0656540539204171,1.08405292133173
"89_b",1.44796354361802,4.99366286015106,0.0921724641027892,1.02162010738779
"90_b",-0.854295423634427,2.13278110064222,0.0698906957599475,1.33080843265376
"91_b",-5.81660771544817,-14.9809885804531,0.0403934845585426,1.19575154145189
"92_b",0.736358542297073,1.08707494724116e-15,0.0510096256299647,1.07455829957077
"93_b",0.309210830479857,1.06639055032112,0.0676043860236935,1.18790502218997
"94_b",0.427147711817214,-1.06639055032111,0.068472375624758,1.03261645393084
"95_b",-0.117936881337357,2.13278110064223,0.0808439375836061,1.01718757600144
"96_b",6.63624594361083e-16,-4.60380136495403e-15,0.0604114384794894,0.901315601807724
"97_b",0.736358542297072,1.18720113374041e-15,0.0643865978277855,0.737254608434144
"98_b",2.89592708723603,9.9873257203021,0.0626963973708347,1.07456852601933
"99_b",-3.6322856295331,-9.98732572030208,0.0906972541315055,0.852369726328562
"100_b",0.618421660959713,2.13278110064222,0.020191681192072,0.790678757500968
"1_c",1.38057353286999e-16,-3.68657411851776e-16,0.0566431300032664,0.933339319744773
"2_c",0.847691234959077,2.17261914006913,0.0717801409777765,0.865542392443403
"3_c",1.66130853529215,-1.29951603494175e-16,0.0179639719299277,1.10629243107845
"4_c",0.423845617479537,1.08630957003456,0.0817104363767709,0.945725898039472
"5_c",-0.389771682853536,3.2589287101037,0.112452978039042,0.739496272925392
"6_c",0.423845617479538,1.08630957003456,0.0523776230434385,1.02777963463034
"7_c",-0.813617300333076,2.17261914006913,0.0423438643560745,1.15508395046817
"8_c",1.23746291781261,-1.08630957003457,0.0258597625670009,1.13787007457502
"9_c",0.847691234959076,2.17261914006914,0.12516534395287,0.55212807914647
"10_c",0.847691234959077,2.17261914006913,0.0626963973708347,1.07456852601933
"11_c",0.423845617479537,1.08630957003457,0.0335602354053674,0.779583608613272
"12_c",1.66130853529215,4.20007158549503e-16,0.0672783021724686,0.923177259350801
"13_c",1.23746291781261,-1.08630957003456,0.0561566319548688,0.807479636833363
"14_c",0.423845617479537,1.08630957003456,0.129857376279347,1.04155162672195
"15_c",0.423845617479537,1.08630957003456,0.0390211452486004,0.953556240385753
"16_c",-0.813617300333075,2.17261914006913,0.0821033340232518,1.17396205149317
"17_c",4.86775488477212e-17,-1.29984667576408e-16,0.0352486079820786,1.28493880950276
"18_c",0.423845617479537,1.08630957003456,0.0366628093576719,1.08681439555209
"19_c",0.423845617479538,1.08630957003456,0.119344010811138,0.879291201534703
"20_c",0.847691234959077,2.17261914006914,0.0777137896788089,0.959366633597139
"21_c",-2.1053004374703e-17,5.62182739252396e-17,0.0484339843022123,0.978323172349308
"22_c",1.66130853529215,-1.89075432786252e-16,0.0626963973708347,1.07456852601933
"23_c",0.423845617479537,1.08630957003456,0.0335602354053674,0.779583608613272
"24_c",-0.813617300333076,2.17261914006913,0.0916337367886926,0.908988679285254
"25_c",1.66130853529215,3.70550606315489e-17,0.126728802105517,0.858181529207994
"26_c",1.23746291781261,-1.08630957003456,0.0318023539648438,1.05838026306462
"27_c",-0.813617300333075,2.17261914006913,0.104937343824503,0.979738270439943
"28_c",0.423845617479537,1.08630957003456,0.0199159172366777,0.975154547648374
"29_c",0.423845617479537,1.08630957003457,0.129859225408874,0.7919320687008
"30_c",-1.23746291781261,1.08630957003456,0.13209150815893,0.924220570688331
"31_c",-7.52462024692433e-17,2.00931494002487e-16,0.0893213102905271,0.498415259574776
"32_c",1.66130853529215,1.04638744055581e-16,0.112318492077448,1.07546869717597
"33_c",-1.23746291781261,1.08630957003456,0.0773075033761501,1.27533377089196
"34_c",0.423845617479537,1.08630957003456,0.0307107713000536,0.971785011077109
"35_c",0.423845617479537,1.08630957003456,0.0603554379155516,1.0595572692094
"36_c",0.423845617479538,1.08630957003456,0.0900094885366412,1.06986434126618
"37_c",1.66130853529215,-2.49543480296901e-16,0.0921724641027892,1.02162010738779
"38_c",-0.813617300333075,2.17261914006913,0.0508465248623957,1.19459434785919
"39_c",-0.389771682853535,3.2589287101037,0.0825078311958881,0.890279160066499
"40_c",0.423845617479537,1.08630957003456,0.0510096256299647,1.07455829957077
"41_c",0.847691234959077,2.17261914006914,0.0825539166954764,1.03843543910178
"42_c",1.66130853529215,-1.33819981077284e-16,0.0845671282060776,1.03745327323134
"43_c",0.423845617479536,1.08630957003457,0.0423438643560745,1.15508395046817
"44_c",1.23746291781261,-1.08630957003456,0.0258420870716176,1.02031789579298
"45_c",0.423845617479537,1.08630957003456,0.0548944370763946,1.24736275357822
"46_c",0.423845617479537,1.08630957003456,0.122247251021062,0.90339716462834
"47_c",0.423845617479538,1.08630957003456,0.0603554379155516,1.0595572692094
"48_c",0.423845617479538,1.08630957003456,0.0672783021724686,0.923177259350801
"49_c",0.847691234959077,2.17261914006914,0.0576161261000614,1.18505868556759
"50_c",-0.813617300333075,2.17261914006913,0.0517912474713101,0.96196132775401
"51_c",2.08515415277169,1.08630957003457,0.0179639719299277,1.10629243107845
"52_c",0.847691234959078,2.17261914006913,0.0510096256299647,1.07455829957077
"53_c",0.423845617479538,1.08630957003456,0.0800971999974272,0.836530060238179
"54_c",0.847691234959077,2.17261914006914,0.0841871893105247,0.973581693009084
"55_c",-0.389771682853535,3.2589287101037,0.0808439375836061,1.01718757600144
"56_c",-1.23746291781261,1.08630957003456,0.0777137896788089,0.959366633597139
"57_c",-5.1104753430111e-17,2.71624680964398e-16,0.0708470506019678,1.00629418966305
"58_c",1.66130853529215,3.85428973352065e-16,0.0902616249502809,0.800613649686124
"59_c",-5.93037937524346e-16,1.65507302692373e-15,0.0639020516213213,0.572396065732437
"60_c",1.23746291781261,-1.08630957003456,0.0916337367886926,0.908988679285254
"61_c",1.23746291781261,-1.08630957003457,0.144493469155278,0.902321923029505
"62_c",2.73899534210882e-16,-1.78639986958916e-15,0.0908243118753284,1.00175647723798
"63_c",-0.389771682853535,3.2589287101037,0.104937343824503,0.979738270439943
"64_c",1.23746291781261,-1.08630957003456,0.0821033340232518,1.17396205149317
"65_c",0.423845617479536,1.08630957003457,0.0825539166954764,1.03843543910178
"66_c",0.423845617479537,1.08630957003457,0.036282870462119,1.02294281532984
"67_c",0.423845617479537,1.08630957003457,0.0808439375836061,1.01718757600144
"68_c",0.302963980029789,0.776491857670344,0.0950161408781283,1.01741766538655
"69_c",0.60592796005958,1.55298371534069,0.0773075033761501,1.27533377089196
"70_c",0.302963980029791,0.776491857670342,0.0946820234416157,1.17735204096154
"71_c",2.30704910075402,1.6550227891754,0.11749245664169,1.13234338692468
"72_c",0.302963980029787,0.776491857670346,0.0900094885366412,1.06986434126618
"73_c",0.302963980029789,0.776491857670344,0.0566431300032664,0.933339319744773
"74_c",0.30296398002979,0.776491857670344,0.0717801409777765,0.865542392443403
"75_c",-1.66130853529215,-8.27630847978909e-16,0.0614506578772153,1.0430153507592
"76_c",1.98417881802308,0.827511394587701,0.0510096256299647,1.07455829957077
"77_c",0.322870282730934,0.827511394587702,0.0999601640653085,1.09087123487719
"78_c",0.322870282730931,0.8275113945877,0.0680924367292052,0.968744873708584
"79_c",-1.33843825256121,0.827511394587708,0.119344010811138,0.879291201534703
"80_c",-0.75241659520278,2.32947557301104,0.0258420870716176,1.02031789579298
"81_c",0.60592796005958,1.55298371534069,0.0773075033761501,1.27533377089196
"82_c",0.605927960059582,1.55298371534069,0.0626963973708347,1.07456852601933
"83_c",0.645740565461869,1.65502278917541,0.0871506404257356,1.33953092980552
"84_c",-1.66130853529215,8.46569379653387e-16,0.0656540539204171,1.08405292133173
"85_c",0.322870282730934,0.827511394587702,0.0921724641027892,1.02162010738779
"86_c",0.605927960059578,1.5529837153407,0.070835418368862,1.09817541254858
"87_c",1.29148113092373,3.31004557835081,0.106309683134445,1.22193357150608
"88_c",-0.75241659520278,2.32947557301104,0.0817104363767709,0.945725898039472
"89_c",-5.89078838457577e-16,9.40008794609764e-16,0.0477414219558122,0.933563847550965
"90_c",0.302963980029789,0.776491857670345,0.0044733041950327,1.07714075695109
"91_c",-1.66130853529216,-3.93629620158235e-15,0.0123211638354638,0.774208008508241
"92_c",2.95278966621588,3.31004557835081,0.112300816582064,0.957916518393926
"93_c",7.0246500102681e-16,1.08191116956773e-15,0.102752277653114,0.524157061832725
"94_c",3.37154259782346e-15,2.27355509443938e-15,0.0351311697913886,1.34852340235252
"95_c",0.605927960059581,1.55298371534069,0.0871506404257356,1.33953092980552
"96_c",0.605927960059579,1.5529837153407,0.0900094885366412,1.06986434126618
"97_c",-0.752416595202781,2.32947557301104,0.0748942951014253,1.10333939647769
"98_c",2.5305540287373e-16,9.95585655474796e-17,0.070835418368862,1.09817541254858
"99_c",0.605927960059581,1.55298371534069,0.0614506578772153,1.0430153507592
"100_c",0.60592796005958,1.55298371534069,0.0817104363767709,0.945725898039472
"1_d",-0.380976909267891,4.45056405571646,0.132315942106923,0.993837447564403
"2_d",-0.792625532948472,7.75394986475555e-16,0.0841871893105247,0.973581693009084
"3_d",-1.18382634702059,1.48352135190549,0.0508212370629955,0.636311634041509
"4_d",-0.391200814072122,1.48352135190549,0.0604114384794894,0.901315601807724
"5_d",-0.391200814072122,1.48352135190549,0.0997205696759055,1.30330478820571
"6_d",0.40142471887635,1.48352135190549,0.0582759988794999,0.697830134743907
"7_d",0.40142471887635,1.48352135190549,0.0906972541315055,0.852369726328562
"8_d",0.802849437752699,2.967042703811,0.138720357769089,1.04148718113509
"9_d",0.401424718876351,1.4835213519055,0.0921724641027892,1.02162010738779
"10_d",-0.0102239048042288,-2.96704270381098,0.012758183067292,0.922166178270041
"11_d",0.792625532948472,9.13108026104633e-16,0.125994517143176,0.827002079747246
"12_d",-4.05046436187847e-18,-1.17547071907272e-15,0.0817104363767709,0.945725898039472
"13_d",0.40142471887635,1.48352135190549,0.129859225408874,0.7919320687008
"14_d",3.38751509274521e-18,9.83078592028949e-16,0.0999020029962914,0.91454693208733
"15_d",-0.792625532948472,8.04823513294307e-16,0.119344010811138,0.879291201534703
"16_d",-4.18936841921715e-18,-1.21578156681125e-15,0.0777491406695758,1.19447099116123
"17_d",0.0204478096084574,5.93408540762195,0.0643865978277855,0.737254608434144
"18_d",1.19405025182482,1.48352135190548,0.0351311697913886,1.34852340235252
"19_d",0.802849437752699,2.96704270381097,0.0906972541315055,0.852369726328562
"20_d",-0.391200814072122,1.48352135190549,0.0672783021724686,0.923177259350801
"21_d",-0.40142471887635,-1.48352135190549,0.0753807931498229,1.2291990793891
"22_d",0.40142471887635,1.48352135190549,0.127967931061518,1.50681766693231
"23_d",-0.40142471887635,-1.48352135190549,0.0614506578772153,1.0430153507592
"24_d",-1.17360244221637,4.45056405571648,0.0817104363767709,0.945725898039472
"25_d",-5.14045206799687e-18,-1.49179213761181e-15,0.0800971999974272,0.836530060238179
"26_d",0.802849437752699,2.96704270381098,0.100281941891844,0.978418512309584
"27_d",-1.18382634702059,1.48352135190548,0.0123211638354638,0.774208008508241
"28_d",-1.22143084957927e-17,-3.54467061249911e-15,0.0604291139748729,1.01886778058977
"29_d",0.40142471887635,1.48352135190549,0.0708470506019678,1.00629418966305
"30_d",0.792625532948472,5.58591286306018e-17,0.0307107713000536,0.971785011077109
"31_d",-0.40142471887635,-1.48352135190549,0.0942438678372753,0.365208522851602
"32_d",0.0204478096084576,5.93408540762195,0.112740674900814,1.21655142318156
"33_d",-0.391200814072122,1.48352135190549,0.0748942951014253,1.10333939647769
"34_d",0.391200814072122,-1.48352135190549,0.10986848277288,1.13797056203255
"35_d",-0.391200814072122,1.48352135190549,0.0403934845585426,1.19575154145189
"36_d",-0.792625532948472,-3.83114155551339e-16,0.0510096256299647,1.07455829957077
"37_d",-2.28404141414671e-18,-6.62843457838445e-16,0.0651476693256443,0.985999643326373
"38_d",0.802849437752699,2.96704270381097,0.068852314520311,1.09648803415309
"39_d",1.19405025182482,1.48352135190548,0.0808439375836061,1.01718757600144
"40_d",0.40142471887635,1.48352135190549,0.0949984653827448,0.899865486604511
"41_d",-0.40142471887635,-1.48352135190549,0.109212730427296,0.793196643061634
"42_d",-0.40142471887635,-1.48352135190549,0.0902616249502809,0.800613649686124
"43_d",0.0102239048042288,2.96704270381098,0.11749245664169,1.13234338692468
"44_d",0.411648623680577,4.45056405571647,0.0672783021724686,0.923177259350801
"45_d",-1.96658796640476e-18,-5.70716432601198e-16,0.0398514590503,1.14091829174608
"46_d",-0.391200814072122,1.48352135190549,0.0908243118753284,1.00175647723798
"47_d",-0.40142471887635,-1.48352135190549,0.0628229971871576,1.28521065182534
"48_d",0.40142471887635,1.48352135190549,0.143897853163345,1.14453340188427
"49_d",-1.18382634702059,1.48352135190549,0.012928927216148,0.828692256000149
"50_d",0.391200814072122,-1.48352135190549,0.068472375624758,1.03261645393084
"51_d",0.010223904804229,2.96704270381098,0.0808439375836061,1.01718757600144
"52_d",0.40142471887635,1.48352135190549,0.0604291139748729,1.01886778058977
"53_d",-0.802849437752699,-2.96704270381097,0.102752277653114,0.524157061832725
"54_d",0.792625532948472,2.51209185173865e-15,0.0626963973708347,1.07456852601933
"55_d",-0.40142471887635,-1.48352135190549,0.00676503289518314,0.499609948017147
"56_d",-0.40142471887635,-1.48352135190548,0.0656540539204171,1.08405292133173
"57_d",-0.782401628144241,2.96704270381098,0.0911994680059942,0.769900741564974
"58_d",-1.18382634702059,1.48352135190548,0.0318023539648438,1.05838026306462
"59_d",0.792625532948472,-6.89731291711021e-16,0.104937343824503,0.979738270439943
"60_d",0.411648623680577,4.45056405571646,0.0817104363767709,0.945725898039472
"61_d",0.40142471887635,1.4835213519055,0.0850106333935256,1.24034081796538
"62_d",1.19405025182482,1.48352135190548,0.0999020029962914,0.91454693208733
"63_d",1.6056988755054,5.93408540762198,0.0808439375836061,1.01718757600144
"64_d",0.0102239048042287,2.96704270381098,0.0431267627755535,0.960816748800353
"65_d",0.0102239048042293,2.96704270381098,0.0484339843022123,0.978323172349308
"66_d",0.391200814072121,-1.48352135190549,0.0626963973708347,1.07456852601933
"67_d",-0.391200814072121,1.48352135190549,0.11749245664169,1.13234338692468
"68_d",0.355056204815904,1.3121600046089,0.0672783021724686,0.923177259350801
"69_d",1.41660435362106,5.23526007985186,0.109937131152551,1.0657605012093
"70_d",-0.792625532948472,1.94100372849876e-16,0.0898795892664138,1.23438949734316
"71_d",1.38977333455782e-15,-2.81193159990596e-15,0.0825078311958881,0.890279160066499
"72_d",-1.41660435362103,-5.23526007985179,0.0506167279834839,0.846322146117074
"73_d",1.41660435362105,5.23526007985185,0.0676043860236935,1.18790502218997
"74_d",-0.792625532948471,-3.21309787796167e-15,0.0841871893105247,0.973581693009084
"75_d",1.41660435362104,5.23526007985181,0.119344010811138,0.879291201534703
"76_d",-1.41660435362104,-5.2352600798518,0.0777137896788089,0.959366633597139
"77_d",-0.0825131233166649,2.62432000921783,0.0932601169017233,1.0342652069768
"78_d",-0.437569328132569,1.31216000460891,0.0626963973708347,1.07456852601933
"79_d",-0.792625532948465,1.97436288137303e-14,0.0603554379155516,1.0595572692094
"80_d",1.41660435362105,5.23526007985185,0.0656540539204171,1.08405292133173
"81_d",-0.260041225724617,1.96824000691336,0.0921724641027892,1.02162010738779
"82_d",-0.792625532948477,-1.56364760280368e-14,0.0917690344842429,0.769123457132796
"83_d",0.623978820672573,5.23526007985182,0.104937343824503,0.979738270439943
"84_d",0.177528102407952,0.656080002304456,0.112804144770058,1.04512964996187
"85_d",-0.43756932813257,1.31216000460891,0.114909694737091,0.941401651788994
"86_d",-9.23090818784806e-17,1.30142262545481e-16,0.0845671282060776,1.03745327323134
"87_d",0.272543081499241,3.93648001382672,0.0423438643560745,1.15508395046817
"88_d",1.41660435362104,5.23526007985182,0.112318492077448,1.07546869717597
"89_d",3.48153658847999e-16,-6.33894244505583e-16,0.0773075033761501,1.27533377089196
"90_d",-0.792625532948476,-9.79703980207855e-15,0.117826852529727,0.526658773352923
"91_d",0.355056204815902,1.31216000460891,0.0906972541315055,0.852369726328562
"92_d",0.355056204815903,1.31216000460891,0.0900094885366412,1.06986434126618
"93_d",-1.23019486108104,1.3121600046089,0.0916859660543917,0.895760424476384
"94_d",-0.260041225724618,1.96824000691336,0.0517912474713101,0.96196132775401
"95_d",0.437569328132568,-1.31216000460891,0.104937343824503,0.979738270439943
"96_d",0.17752810240795,0.656080002304458,0.0510096256299647,1.07455829957077
"97_d",-3.92209901223317e-15,-1.22311713947791e-14,0.0825539166954764,1.03843543910178
"98_d",0.177528102407952,0.656080002304454,0.0845671282060776,1.03745327323134
"99_d",-0.260041225724617,1.96824000691336,0.0723665648766853,1.5359598924281
"100_d",-0.792625532948469,8.50719215833593e-15,0.129603167781384,1.01596755018334
"1_e",1.73618222637742,2.24957835624856,0.0803392113533587,0.49618604451898
"2_e",-1.08207625573211,0.74985945208285,0.0946820234416157,1.17735204096154
"3_e",0.739700027662674,2.24957835624855,0.11394584293592,1.61950459040164
"4_e",-0.0855940570173588,0.749859452082853,0.0900094885366412,1.06986434126618
"5_e",0.910888141697393,0.749859452082853,0.0571296280516639,1.05919900265618
"6_e",0.825294084680035,1.49971890416571,0.0517912474713101,0.96196132775401
"7_e",-0.996482198714752,-9.17826150643639e-16,0.124622177833234,0.584806778681105
"8_e",-0.0855940570173592,0.749859452082852,0.0821033340232518,1.17396205149317
"9_e",2.13125495613936e-16,5.40793710302809e-17,0.0501981386538614,1.13546922641457
"10_e",-0.910888141697393,-0.749859452082854,0.0680924367292052,0.968744873708584
"11_e",-0.0855940570173579,0.749859452082855,0.0808439375836061,1.01718757600144
"12_e",-0.171188114034717,1.4997189041657,0.0604291139748729,1.01886778058977
"13_e",-0.0855940570173589,0.749859452082853,0.0708470506019678,1.00629418966305
"14_e",0.825294084680034,1.49971890416571,0.0946820234416157,1.17735204096154
"15_e",0.825294084680035,1.49971890416571,0.11749245664169,1.13234338692468
"16_e",-1.08207625573211,0.749859452082851,0.112740674900814,1.21655142318156
"17_e",0.825294084680033,1.4997189041657,0.0566431300032664,0.933339319744773
"18_e",-0.0855940570173592,0.749859452082853,0.0517912474713101,0.96196132775401
"19_e",-0.0855940570173589,0.749859452082853,0.0614506578772153,1.0430153507592
"20_e",-0.910888141697393,-0.749859452082853,0.0510096256299647,1.07455829957077
"21_e",0.825294084680035,1.49971890416571,0.0327918912840294,1.08303343063916
"22_e",0.825294084680034,1.49971890416571,0.0680924367292052,0.968744873708584
"23_e",-0.910888141697393,-0.749859452082853,0.0808439375836061,1.01718757600144
"24_e",0.996482198714752,6.1670509216384e-16,0.0950161408781283,1.01741766538655
"25_e",-0.996482198714752,-5.29439423475567e-16,0.0837679561503321,1.54437335212087
"26_e",0.739700027662676,2.24957835624856,0.122247251021062,0.90339716462834
"27_e",-0.171188114034717,1.4997189041657,0.0603554379155516,1.0595572692094
"28_e",-0.0855940570173589,0.749859452082853,0.0672783021724686,0.923177259350801
"29_e",0.739700027662676,2.24957835624856,0.0926589621511868,1.1474797902992
"30_e",0.0855940570173595,-0.749859452082852,0.0908243118753284,1.00175647723798
"31_e",1.65058816936007,2.99943780833141,0.0614506578772153,1.0430153507592
"32_e",-0.910888141697393,-0.749859452082853,0.143112057870383,0.688061094976873
"33_e",-0.0855940570173588,0.749859452082853,0.114909694737091,0.941401651788994
"34_e",0.910888141697393,0.749859452082853,0.0841871893105247,0.973581693009084
"35_e",0.0855940570173584,-0.749859452082854,0.110866638104217,1.39806351796137
"36_e",-0.996482198714752,5.83830465370798e-16,0.0604114384794894,0.901315601807724
"37_e",0.825294084680034,1.49971890416571,0.086799664127541,0.765225625747889
"38_e",0.739700027662676,2.24957835624856,0.0902616249502809,0.800613649686124
"39_e",-0.825294084680034,-1.49971890416571,0.0371068491111371,0.292422405136312
"40_e",1.56499411234271,3.74929726041426,0.0656540539204171,1.08405292133173
"41_e",-2.74503772543841e-16,-4.98826423926701e-16,0.0571296280516639,1.05919900265618
"42_e",-0.910888141697393,-0.749859452082852,0.0517912474713101,0.96196132775401
"43_e",1.82177628339478,1.4997189041657,0.0600783185672731,0.800820049693056
"44_e",-0.256782171052077,2.24957835624856,0.11742487492942,0.831834137493703
"45_e",1.73618222637742,2.24957835624856,0.112452978039042,0.739496272925392
"46_e",0.739700027662676,2.24957835624856,0.100661880787397,1.04229009253184
"47_e",0.825294084680035,1.49971890416571,0.119344010811138,0.879291201534703
"48_e",-0.910888141697393,-0.749859452082853,0.0604114384794894,0.901315601807724
"49_e",-0.171188114034718,1.4997189041657,0.0643865978277855,0.737254608434144
"50_e",-0.0855940570173588,0.749859452082853,0.0902616249502809,0.800613649686124
"51_e",1.65058816936007,2.99943780833141,0.0603554379155516,1.0595572692094
"52_e",-1.3870082794006e-15,-2.52046219095086e-15,0.0672783021724686,0.923177259350801
"53_e",-5.45425317723707e-16,-9.9114324818887e-16,0.0744077970530278,0.977479713566283
"54_e",1.90737034041214,0.749859452082853,0.0527359700802246,0.729328307648828
"55_e",-0.256782171052077,2.24957835624856,0.103565004514561,0.737542969373802
"56_e",-4.46559493859731e-17,-8.11484932714326e-17,0.105283674644634,0.653736187275284
"57_e",-1.08207625573211,0.749859452082852,0.0526548553519107,1.33737460527817
"58_e",-0.171188114034717,1.4997189041657,0.132471447054483,0.988092150910585
"59_e",0.577050703158231,1.29536050105349,0.0808439375836061,1.01718757600144
"60_e",3.26411757422635,3.50740213318455,0.0777314651741924,1.07691881237918
"61_e",-1.15038589002415e-14,-1.07242989696482e-14,0.131625796727052,0.821167660375379
"62_e",0.524510967290995,0.431786833684497,0.0671167958621696,1.45130691729474
"63_e",-0.996482198714741,9.96344909554936e-15,0.0603554379155516,1.0595572692094
"64_e",3.09040109256939,2.5440735957678,0.0916337367886926,0.908988679285254
"65_e",-0.419431495556517,1.29536050105349,0.0739212990046302,0.851620030654873
"66_e",-5.25708197165583,-3.50740213318452,0.10986848277288,1.13797056203255
"67_e",0.524510967290995,0.431786833684498,0.0614506578772153,1.0430153507592
"68_e",4.26059977294112,3.50740213318456,0.0472990530989055,0.922482139165767
"69_e",-0.891402726980277,1.72714733473799,0.0676043860236935,1.18790502218997
"70_e",3.26411757422636,3.50740213318455,0.0841871893105247,0.973581693009084
"71_e",-7.17728438385357,-5.08814719153562,0.0893213102905271,0.498415259574776
"72_e",1.09743669513993,2.54407359576783,0.0950338163735117,1.1349698441686
"73_e",0.0525397358672379,0.863573667368993,0.0389418235508213,1.48843131749338
"74_e",0.524510967290995,0.431786833684497,0.0626963973708347,1.07456852601933
"75_e",-0.419431495556517,1.29536050105349,0.11749245664169,1.13234338692468
"76_e",-4.2605997729411,-3.50740213318455,0.114364923152865,1.05567576120063
"77_e",-7.52471734716746,-7.0148042663691,0.0393649610019025,1.01505860883467
"78_e",2.26763537551158,3.50740213318453,0.0517912474713101,0.96196132775401
"79_e",0.0525397358672378,0.863573667368992,0.0852525098157725,1.37466976219878
"80_e",0.0525397358672379,0.863573667368993,0.0472990530989055,0.922482139165767
"81_e",6.52823514845271,7.0148042663691,0.0975034473672593,0.888965856013587
"82_e",0.524510967290995,0.431786833684497,0.0680924367292052,0.968744873708584
"83_e",-4.2605997729411,-3.50740213318455,0.0808439375836061,1.01718757600144
"84_e",0.0525397358672378,0.863573667368994,0.0777137896788089,0.959366633597139
"85_e",3.26411757422635,3.50740213318455,0.115673183201479,1.06223622429054
"86_e",-1.9929643974295,-2.25967081379582e-15,0.0902616249502809,0.800613649686124
"87_e",0.996482198714752,-1.30397812262724e-15,0.11749245664169,1.13234338692468
"88_e",-0.996482198714746,5.576980225653e-15,0.112740674900814,1.21655142318156
"89_e",6.52823514845268,7.01480426636907,0.0744077970530278,0.977479713566283
"90_e",1.04957326059211e-14,7.32936629163795e-15,0.110813205381795,0.905337541927371
"91_e",6.1808021851388,5.08814719153561,0.0838801705058303,1.13247446113264
"92_e",-1.99296439742948,2.16334264494314e-14,0.0446715685052418,1.33631230356145
"93_e",0.577050703158231,1.29536050105349,0.0825539166954764,1.03843543910178
"94_e",-0.996482198714737,1.07490418803754e-14,0.0838072504149718,0.90971011278683
"95_e",0.0525397358672381,0.863573667368995,0.0808439375836061,1.01718757600144
"96_e",-0.996482198714764,-1.16545016146917e-14,0.0604291139748729,1.01886778058977
"97_e",3.26411757422635,3.50740213318455,0.0773075033761501,1.27533377089196
"98_e",-1.9929643974295,-3.03800295412245e-15,0.0582759988794999,0.697830134743907
"99_e",-0.996482198714764,-8.59891827298028e-15,0.0335602354053674,0.779583608613272
"100_e",-0.891402726980277,1.72714733473799,0.0672783021724686,0.923177259350801
"1_f",-2.06099955918237e-16,-7.66486071311196e-16,0.0926589621511868,1.1474797902992
"2_f",-0.370260494272224,1.24626393801666,0.131755196296336,1.23573956730282
"3_f",-0.370260494272224,1.24626393801666,0.106742419878238,0.755588850871757
"4_f",0.670214247333501,2.49252787603333,0.0665885878564804,1.29262846514107
"5_f",-0.370260494272225,1.24626393801666,0.0800971999974272,0.836530060238179
"6_f",1.04047474160573,1.24626393801667,0.0999020029962914,0.91454693208733
"7_f",2.81276252035849e-16,1.04606683885767e-15,0.0808439375836061,1.01718757600144
"8_f",-0.370260494272224,1.24626393801667,0.0604114384794894,0.901315601807724
"9_f",-0.370260494272225,1.24626393801666,0.0932601169017233,1.0342652069768
"10_f",0.29995375306128,3.73879181404998,0.0946820234416157,1.17735204096154
"11_f",-0.370260494272224,1.24626393801666,0.0603554379155516,1.0595572692094
"12_f",-8.17651785201786e-19,-3.04084831919388e-18,0.0672783021724686,0.923177259350801
"13_f",0.670214247333502,2.49252787603333,0.0571296280516639,1.05919900265618
"14_f",-1.09539753262846e-16,-4.07378520566715e-16,0.0942938913462537,0.883997478907236
"15_f",-0.370260494272224,1.24626393801667,0.0864444932342303,0.911325391483547
"16_f",1.37395866548328e-16,5.10975451187404e-16,0.0932208442772147,0.765188688888906
"17_f",-0.370260494272224,1.24626393801666,0.0501981386538614,1.13546922641457
"18_f",0.370260494272225,-1.24626393801666,0.0845671282060776,1.03745327323134
"19_f",-1.28798233365782e-16,-4.79000839396228e-16,0.0808439375836061,1.01718757600144
"20_f",-0.370260494272224,1.24626393801666,0.0950161408781283,1.01741766538655
"21_f",0.670214247333501,2.49252787603333,0.0643865978277855,0.737254608434144
"22_f",-0.370260494272224,1.24626393801666,0.0626963973708347,1.07456852601933
"23_f",-0.370260494272224,1.24626393801666,0.0871506404257356,1.33953092980552
"24_f",-0.370260494272224,1.24626393801667,0.0916337367886926,0.908988679285254
"25_f",-0.370260494272225,1.24626393801666,0.0744077970530278,0.977479713566283
"26_f",-1.41073523587795,-7.39413964532819e-16,0.104076438352198,0.856912926249233
"27_f",1.04047474160573,1.24626393801666,0.076289729977626,1.14194130899873
"28_f",-1.94823904682531e-17,-7.24550418423485e-17,0.0527719793770924,1.19040827921992
"29_f",0.670214247333502,2.49252787603333,0.0651476693256443,0.985999643326373
"30_f",-0.740520988544445,2.49252787603332,0.068472375624758,1.03261645393084
"31_f",-1.04047474160572,-1.24626393801666,0.110866638104217,1.39806351796137
"32_f",-0.740520988544445,2.49252787603332,0.0258420870716176,1.02031789579298
"33_f",-1.41073523587795,8.31659809132563e-16,0.0548944370763946,1.24736275357822
"34_f",-1.52062669887023e-16,-5.65521316661682e-16,0.0626963973708347,1.07456852601933
"35_f",-0.370260494272224,1.24626393801666,0.0603554379155516,1.0595572692094
"36_f",-0.370260494272224,1.24626393801666,0.0900094885366412,1.06986434126618
"37_f",-0.370260494272223,1.24626393801667,0.109937131152551,1.0657605012093
"38_f",0.370260494272224,-1.24626393801666,0.0427620235784215,1.20010423694802
"39_f",0.670214247333501,2.49252787603333,0.076289729977626,1.14194130899873
"40_f",1.04047474160573,1.24626393801666,0.0835324756732264,0.907016866747127
"41_f",3.65564363291068e-16,1.35953446172259e-15,0.114909694737091,0.941401651788994
"42_f",2.88766872246556e-17,1.07392446760586e-16,0.020947995671905,1.14584915647384
"43_f",0.29995375306128,3.73879181404999,0.0723665648766853,1.5359598924281
"44_f",-0.370260494272224,1.24626393801666,0.0604291139748729,1.01886778058977
"45_f",-1.04511947765396e-17,-3.88680103743248e-17,0.109212730427296,0.793196643061634
"46_f",-1.04047474160573,-1.24626393801666,0.0626963973708347,1.07456852601933
"47_f",0.6702142473335,2.49252787603332,0.0603554379155516,1.0595572692094
"48_f",-0.370260494272224,1.24626393801667,0.0916337367886926,0.908988679285254
"49_f",-0.370260494272223,1.24626393801667,0.0403379570986975,1.26677797465749
"50_f",-1.04047474160573,-1.24626393801666,0.0327470765737582,0.825747242959435
"51_f",0.670214247333502,2.49252787603333,0.0825078311958881,0.890279160066499
"52_f",3.4238588026144e-16,1.27333364563226e-15,0.0817104363767709,0.945725898039472
"53_f",2.74970538290268e-16,1.02261587918071e-15,0.0850106333935256,1.24034081796538
"54_f",0.670214247333502,2.49252787603333,0.116376694473164,0.983255331610085
"55_f",-1.41073523587795,2.74011406979616e-15,0.0423438643560745,1.15508395046817
"56_f",-8.1009399019275e-16,-3.01274086726143e-15,0.0949984653827448,0.899865486604511
"57_f",-0.370260494272224,1.24626393801667,0.0708470506019678,1.00629418966305
"58_f",-0.370260494272224,1.24626393801666,0.0582759988794999,0.697830134743907
"59_f",0.0486459284674921,1.74802332456206,0.0603554379155516,1.0595572692094
"60_f",-5.81621829065803e-15,-5.27437948053232e-15,0.0900094885366412,1.06986434126618
"61_f",0.0486459284674943,1.74802332456207,0.0739212990046302,0.851620030654873
"62_f",-0.465623574024881,1.13203957238667,0.0937948929673943,1.40532764123219
"63_f",-0.931247148049756,2.26407914477335,0.0884446908536816,1.10305685826856
"64_f",-5.0200232518099,-2.63339121657013,0.0650313463502771,0.819504778020322
"65_f",-0.46562357402488,1.13203957238667,0.0776404832993779,0.634624681374577
"66_f",1.50802709281294,3.49604664912414,0.068472375624758,1.03261645393084
"67_f",1.50802709281294,3.49604664912413,0.149366711331749,1.26016714349463
"68_f",1.50802709281294,3.49604664912413,0.0777314651741924,1.07691881237918
"69_f",-1.41073523587794,4.61001283172022e-15,0.0997205696759055,1.30330478820571
"70_f",-7.21857603186392,-5.26678243314028,0.0946820234416157,1.17735204096154
"71_f",-0.46562357402488,1.13203957238667,0.11749245664169,1.13234338692468
"72_f",-7.70473097646548e-15,-6.9869583523994e-15,0.0734032794819322,0.908019003632139
"73_f",-4.12998661279833e-16,-9.57451356637674e-16,0.0883067659396421,0.780170420873255
"74_f",2.19855278005403,2.63339121657015,0.0612621526816289,1.01824125371211
"75_f",-0.150586353407191,1.50938609651557,0.076289729977626,1.14194130899873
"76_f",-0.150586353407192,1.50938609651557,0.0853176264768832,0.985090876315587
"77_f",-1.41073523587794,7.47441029013088e-15,0.0850106333935256,1.24034081796538
"78_f",2.19855278005402,2.63339121657015,0.0523776230434385,1.02777963463034
"79_f",2.19855278005402,2.63339121657015,0.110866638104217,1.39806351796137
"80_f",0.945111661853071,1.13203957238667,0.0950161408781283,1.01741766538655
"81_f",-5.0200232518099,-2.63339121657013,0.086799664127541,0.765225625747889
"82_f",0.0486459284674934,1.74802332456207,0.0902616249502809,0.800613649686124
"83_f",-1.21981806047421e-16,1.17924227359294e-16,0.0906972541315055,0.852369726328562
"84_f",0.145937785402478,5.24406997368618,0.0710294050606932,0.864158237028395
"85_f",-0.15058635340719,1.50938609651556,0.0674820846940209,0.871669141245276
"86_f",1.41073523587795,1.86359125311646e-16,0.00976728708879217,1.47004963854222
"87_f",2.19855278005403,2.63339121657016,0.101086129674551,0.717177938858199
"88_f",-1.45938116434545,-1.74802332456208,0.0835324756732264,0.907016866747127
"89_f",-0.150586353407191,1.50938609651557,0.0178423606122465,1.23250301372735
"90_f",0.787817544176055,2.63339121657013,0.131711569263378,0.860348990466077
"91_f",1.50802709281294,3.49604664912414,0.0808439375836061,1.01718757600144
"92_f",-1.45938116434544,-1.74802332456207,0.0431090872801701,0.84326457001831
"93_f",-1.76383615691454e-16,-4.08908667183341e-16,0.086799664127541,0.765225625747889
"94_f",-1.56132158928513,1.50938609651556,0.0902616249502809,0.800613649686124
"95_f",0.0486459284674913,1.74802332456206,0.0871506404257356,1.33953092980552
"96_f",0.0486459284674958,1.74802332456207,0.04057250140316,1.1558062811508
"97_f",0.0486459284674936,1.74802332456207,0.0994524345032996,1.18404502713908
"98_f",-0.780660794642571,0.754693048257785,0.0607349330412394,0.999197034880464
"99_f",1.50802709281293,3.49604664912412,0.0697892514418617,1.0482796903294
"100_f",-0.780660794642569,0.754693048257784,0.0650313463502771,0.819504778020322
"1_g",0.351080795053313,1.85622044133535,0.0651476693256443,0.985999643326373
"2_g",-0.763996660018394,0.618740147111786,0.13209150815893,0.924220570688331
"3_g",0.351080795053313,1.85622044133535,0.110866638104217,1.39806351796137
"4_g",1.11507745507171,1.23748029422357,0.112300816582064,0.957916518393926
"5_g",-0.206457932482539,1.23748029422357,0.147578410252625,0.580099096460215
"6_g",0.557538727535856,0.618740147111785,0.0946820234416157,1.17735204096154
"7_g",-1.68801943447833e-18,1.01177550376274e-17,0.0603554379155516,1.0595572692094
"8_g",0.351080795053313,1.85622044133535,0.0691674067064317,0.799347975306208
"9_g",-0.206457932482539,1.23748029422357,0.0797642592487481,0.987532442229633
"10_g",0.351080795053313,1.85622044133535,0.0794069249785646,0.883660967515152
"11_g",1.11507745507171,1.23748029422357,0.0925360541862369,0.954704432648611
"12_g",0.763996660018394,-0.618740147111785,0.0853176264768832,0.985090876315587
"13_g",-0.557538727535856,-0.618740147111786,0.0975034473672593,0.888965856013587
"14_g",0.351080795053313,1.85622044133535,0.0370427482532246,1.15068597577435
"15_g",3.01274103307131e-17,-1.80579530909515e-16,0.0723665648766853,1.5359598924281
"16_g",-0.412915864965076,2.47496058844713,0.0604114384794894,0.901315601807724
"17_g",0.908619522589168,2.47496058844714,0.0389418235508213,1.48843131749338
"18_g",0.557538727535856,0.618740147111785,0.0307107713000536,0.971785011077109
"19_g",0.557538727535856,0.618740147111785,0.0603554379155516,1.0595572692094
"20_g",-0.763996660018394,0.618740147111785,0.0497463666776843,1.05202521020558
"21_g",0.557538727535856,0.618740147111785,0.0872862595361865,0.8683362113296
"22_g",0.351080795053313,1.85622044133535,0.0932740098295595,0.839591806731979
"23_g",0.557538727535856,0.618740147111785,0.101405387218356,0.682424424475004
"24_g",-0.763996660018394,0.618740147111785,0.104741109086812,1.27077410834412
"25_g",-0.763996660018394,0.618740147111785,0.0999601640653085,1.09087123487719
"26_g",-0.206457932482539,1.23748029422357,0.115996755577611,0.919383751387831
"27_g",-0.206457932482539,1.23748029422357,0.0123211638354638,0.774208008508241
"28_g",-5.12509368509273e-17,3.07191027493619e-16,0.0604114384794894,0.901315601807724
"29_g",1.11507745507171,1.23748029422357,0.086799664127541,0.765225625747889
"30_g",0.351080795053313,1.85622044133535,0.0902616249502809,0.800613649686124
"31_g",0.557538727535855,0.618740147111786,0.0568088242097819,1.54671847268635
"32_g",0.557538727535856,0.618740147111786,0.0881987265320107,1.05132325826738
"33_g",0.763996660018394,-0.618740147111786,0.0555049880445025,1.23790118271928
"34_g",1.11507745507171,1.23748029422357,0.0865886646676195,1.03878029072913
"35_g",-1.32153538755425,-2.65900083971163e-16,0.0973564764971215,1.47100456764634
"36_g",1.11507745507171,1.23748029422357,0.0835324756732264,0.907016866747127
"37_g",-0.206457932482538,1.23748029422357,0.144808756080657,0.642462485612606
"38_g",0.557538727535856,0.618740147111785,0.0845671282060776,1.03745327323134
"39_g",0.908619522589168,2.47496058844714,0.0508212370629955,0.636311634041509
"40_g",-0.206457932482539,1.23748029422357,0.0431444382709371,1.0783689275824
"41_g",-0.557538727535855,-0.618740147111786,0.0324813707766391,1.21939173626447
"42_g",-0.206457932482539,1.23748029422357,0.0626963973708347,1.07456852601933
"43_g",-0.206457932482538,1.23748029422357,0.0603554379155516,1.0595572692094
"44_g",1.11507745507171,1.23748029422357,0.0691674067064317,0.799347975306208
"45_g",1.11507745507171,1.23748029422357,0.0757656861296315,1.05244113457157
"46_g",-0.763996660018394,0.618740147111786,0.0953137728629478,0.928403151082492
"47_g",-0.206457932482539,1.23748029422357,0.0447255892320073,0.743723497402359
"48_g",0.351080795053313,1.85622044133535,0.0835324756732264,0.907016866747127
"49_g",-0.206457932482539,1.23748029422357,0.0602342359295459,0.582188885599169
"50_g",-0.206457932482539,1.23748029422357,0.100281941891844,0.978418512309584
"51_g",1.11507745507171,1.23748029422357,0.119344010811138,0.879291201534703
"52_g",0.557538727535855,0.618740147111787,0.0258420870716176,1.02031789579298
"53_g",0.351080795053313,1.85622044133535,0.0548944370763946,1.24736275357822
"54_g",-0.206457932482539,1.23748029422357,0.0626963973708347,1.07456852601933
"55_g",-0.206457932482538,1.23748029422357,0.12103907034746,0.645182183447727
"56_g",-0.412915864965076,2.47496058844713,0.073862480676379,1.0458636487261
"57_g",-0.206457932482538,1.23748029422357,0.0468031958829169,1.17114304418265
"58_g",1.32153538755425,8.00662161257734e-16,0.0427339068642301,0.745880594968704
"59_g",0.513091228069914,0.569413614262927,0.0884446908536816,1.10305685826856
"60_g",-0.432370592102973,0.986769042530348,0.0503310872900584,0.992350746526531
"61_g",-0.432370592102974,0.986769042530344,0.0800971999974272,0.836530060238179
"62_g",-1.32153538755425,-2.55088399601066e-16,0.0527575619389915,1.09165121485259
"63_g",2.26853019455777,2.51754835491303,0.0508212370629955,0.636311634041509
"64_g",-0.187270290275368,1.25877417745651,0.112300816582064,0.957916518393926
"65_g",-0.0776146347589292,2.84706807131463,0.0953118418290687,1.16281291342269
"66_g",-1.32153538755425,-1.70206666527865e-16,0.0709864481387214,1.09368585396424
"67_g",-0.889164795451276,-0.986769042530345,0.0875385184214239,0.815742625235673
"68_g",1.20845867654881e-15,8.47436650819075e-16,0.0903878547666263,1.18034613175399
"69_g",-0.187270290275373,1.25877417745651,0.0696774345153918,0.919156195139373
"70_g",-0.432370592102972,0.986769042530349,0.0772649130043167,1.20226233805632
"71_g",-0.18727029027537,1.25877417745651,0.0494034198580852,0.874215228369121
"72_g",-3.09625520646516e-16,-1.33770908786405e-15,0.0715397207036438,1.35610798812352
"73_g",1.83462661562416,0.569413614262922,0.0825539166954764,1.03843543910178
"74_g",1.13426509727889,1.25877417745652,0.100281941891844,0.978418512309584
"75_g",-0.295352931414422,1.13882722852585,0.0808439375836061,1.01718757600144
"76_g",1.45456198491431e-15,1.02001761485532e-15,0.0950161408781283,1.01741766538655
"77_g",0.456794203348303,1.97353808506069,0.0932601169017233,1.0342652069768
"78_g",1.13426509727888,1.25877417745651,0.122247251021062,0.90339716462834
"79_g",-3.77733587238737,-1.25877417745651,0.0906972541315055,0.852369726328562
"80_g",-2.45580048483314,-1.25877417745652,0.0900094885366412,1.06986434126618
"81_g",1.77832959090255,1.97353808506068,0.0744077970530278,0.977479713566283
"82_g",1.13426509727889,1.25877417745652,0.0717801409777765,0.865542392443403
"83_g",0.889164795451277,0.986769042530348,0.0825078311958881,0.890279160066499
"84_g",0.456794203348303,1.97353808506069,0.112804144770058,1.04512964996187
"85_g",0.456794203348303,1.97353808506069,0.129859225408874,0.7919320687008
"86_g",-1.32153538755425,-5.39712826917701e-16,0.0841871893105247,0.973581693009084
"87_g",-0.590705862828842,2.2776544570517,0.0893213102905271,0.498415259574776
"88_g",-0.889164795451277,-0.986769042530346,0.0950338163735117,1.1349698441686
"89_g",2.26853019455777,2.51754835491304,0.0868658048381205,0.905407383862228
"90_g",-0.432370592102973,0.986769042530346,0.108582742286038,0.542655691186908
"91_g",0.889164795451276,0.986769042530344,0.0504499807206948,1.05389247625804
"92_g",1.13426509727888,1.25877417745652,0.119261633058083,0.851835114069439
"93_g",-3.59935442690193e-17,-1.55506856064599e-16,0.134481803970716,0.698989983920877
"94_g",0.889164795451276,0.986769042530343,0.116079943092899,1.0214413400616
"95_g",1.02618245613982,1.13882722852585,0.127515523415536,1.01502370805496
"96_g",0.513091228069913,0.569413614262928,0.0835324756732264,0.907016866747127
"97_g",-1.10379709089875,1.70824084278878,0.0626909526275951,0.784094264462771
"98_g",1.02618245613982,1.13882722852585,0.100281941891844,0.978418512309584
"99_g",1.53927368420974,1.70824084278878,0.0893213102905271,0.498415259574776
"100_g",0.456794203348303,1.97353808506069,0.0950161408781283,1.01741766538655
"1_h",0.0770221653539749,2.06523470674672,0.0990516802215629,0.701265608908935
"2_h",0.0770221653539747,2.06523470674672,0.0709864481387214,1.09368585396424
"3_h",-0.955682338789281,4.13046941349345,0.0504499807206948,1.05389247625804
"4_h",0.15404433070795,4.13046941349347,0.0903878547666263,1.18034613175399
"5_h",1.03270450414325,-2.06523470674672,0.071221752557854,1.19489446358601
"6_h",0.0770221653539706,2.06523470674674,0.0767766415847449,0.97456450752908
"7_h",-0.955682338789281,4.13046941349345,0.051033298147029,0.394519555899339
"8_h",-1.03270450414326,2.06523470674673,0.0794271961466355,0.663760750687906
"9_h",0.0770221653539748,2.06523470674672,0.0501981386538614,1.13546922641457
"10_h",7.8772971552423e-17,-3.40457635765741e-16,0.0523776230434385,1.02777963463034
"11_h",-1.03270450414325,2.06523470674672,0.0508212370629955,0.636311634041509
"12_h",0.0770221653539749,2.06523470674672,0.129603167781384,1.01596755018334
"13_h",-1.03270450414325,2.06523470674672,0.0943158544748512,0.787652143115615
"14_h",-0.95568233878928,4.13046941349345,0.0640017360473175,1.00005670192312
"15_h",2.14243117364049,-2.06523470674674,0.0717425093082597,0.949137844679845
"16_h",-0.955682338789281,4.13046941349345,0.0951455190593879,0.857996675548917
"17_h",-1.03270450414326,2.06523470674672,0.0483307302220451,1.07354588049616
"18_h",0.0770221653539749,2.06523470674672,0.0663342635171257,0.982134109796381
"19_h",-0.15404433070795,-4.13046941349347,0.131040741761148,0.98331524383
"20_h",0.0770221653539746,2.06523470674673,0.0527719793770924,1.19040827921992
"21_h",-4.3635952569495e-18,1.88595059363853e-17,0.0676043860236935,1.18790502218997
"22_h",-0.955682338789281,4.13046941349345,0.068472375624758,1.03261645393084
"23_h",-1.10972666949723,-7.47845756669053e-16,0.0723665648766853,1.5359598924281
"24_h",4.57535013980202e-17,-1.97747128323171e-16,0.146923194476087,1.1915707607548
"25_h",1.03270450414325,-2.06523470674672,0.0723554857323719,1.05989032792303
"26_h",0.0770221653539748,2.06523470674672,0.0611605614189915,1.74490564105429
"27_h",-1.84836881178005e-18,7.98867001307648e-18,0.0826701995741878,1.12475053823202
"28_h",1.03270450414325,-2.06523470674672,0.073862480676379,1.0458636487261
"29_h",0.0770221653539738,2.06523470674673,0.0988068329427416,0.684231288087626
"30_h",0.077022165353974,2.06523470674673,0.0932740098295595,0.839591806731979
"31_h",2.14243117364049,-2.06523470674674,0.0637319013572612,1.37169975126059
"32_h",6.71568639605516e-17,-2.90252693009493e-16,0.1101129104783,1.06591244432637
"33_h",0.15404433070795,4.13046941349347,0.0850106333935256,1.24034081796538
"34_h",-1.00424729765614e-16,4.34036769143094e-16,0.115996755577611,0.919383751387831
"35_h",-0.955682338789281,4.13046941349345,0.0893213102905271,0.498415259574776
"36_h",7.02436762202763e-17,-3.03593929010716e-16,0.0777314651741924,1.07691881237918
"37_h",-0.95568233878928,4.13046941349345,0.0916597987051708,0.789500538736717
"38_h",0.0770221653539749,2.06523470674672,0.049399800094139,1.23169549060349
"39_h",0.0770221653539738,2.06523470674673,0.0625682131513949,1.2650690316721
"40_h",-2.54739745838564e-16,1.10098793906799e-15,0.0198455564854107,0.826014307802209
"41_h",-0.955682338789279,4.13046941349344,0.0715544113913435,0.924784953799174
"42_h",1.63057098375411e-15,-7.04734544269033e-15,0.0805392492109903,1.00599142286341
"43_h",1.03270450414326,-2.06523470674673,0.108742617497689,0.947320317656774
"44_h",1.10972666949723,3.33556540092694e-16,0.0613410988107137,0.977054228508201
"45_h",0.15404433070795,4.13046941349347,0.0975034473672593,0.888965856013587
"46_h",2.9216408858674e-16,-1.26273635354352e-15,0.0999020029962914,0.91454693208733
"47_h",-4.50560229105329e-16,1.94732618750058e-15,0.0808439375836061,1.01718757600144
"48_h",1.03270450414325,-2.06523470674672,0.0777314651741924,1.07691881237918
"49_h",0.0770221653539739,2.06523470674673,0.0518792685551705,1.1817302000053
"50_h",0.077022165353974,2.06523470674673,0.0640017360473175,1.00005670192312
"51_h",0.0320575944336433,0.859576672960353,0.0764871749901985,1.79226842200612
"52_h",-1.17439097266701,-1.7338770285159,0.119261633058083,0.851835114069439
"53_h",0.300416808520538,8.05522951211968,0.0640474947353966,1.0305391613629
"54_h",0.0255922454622103,0.686217964779822,0.135446533053767,1.242671326284
"55_h",-1.10972666949723,-1.13287683230749e-15,0.0895684315560787,1.28990386852995
"56_h",1.41014347801777,8.05522951211963,0.0687021103308452,1.50699569128811
"57_h",0.0255922454622102,0.686217964779822,0.0825539166954764,1.03843543910178
"58_h",0.0646643031697734,1.73387702851589,0.14818626074025,0.929057389988831
"59_h",0.0641151888672882,1.71915334592071,0.0808439375836061,1.01718757600144
"60_h",1.174390972667,1.73387702851589,0.0949984653827448,0.899865486604511
"61_h",0.0641151888672883,1.71915334592071,0.0578451666266233,1.21437327198383
"62_h",-5.53834070775301e-16,-1.55001990896367e-15,0.101708332445255,1.09061783362682
"63_h",0.0646643031697747,1.73387702851589,0.0717425093082597,0.949137844679845
"64_h",-2.14267660260784,2.05865389433947,0.073862480676379,1.0458636487261
"65_h",1.174390972667,1.7338770285159,0.0872862595361865,0.8683362113296
"66_h",0.0646643031697762,1.7338770285159,0.0584091600676664,0.960178822209926
"67_h",-1.2599350737575,-4.02761475605982,0.0798128474087501,1.22857754423168
"68_h",1.174390972667,1.7338770285159,0.0893829868700669,0.904444183000952
"69_h",-1.0135538861963,2.57873001888107,0.0676043860236935,1.18790502218997
"70_h",0.0646643031697748,1.73387702851589,0.0527575619389915,1.09165121485259
"71_h",-1.0135538861963,2.57873001888107,0.0808439375836061,1.01718757600144
"72_h",-1.07766907506359,0.859576672960355,0.0604291139748729,1.01886778058977
"73_h",-1.0329499331106,2.05865389433947,0.0943158544748512,0.787652143115615
"74_h",-1.04561148062994,1.7191533459207,0.101708332445255,1.09061783362682
"75_h",0.0646643031697728,1.73387702851589,0.0464411336281486,0.656978393941657
"76_h",-1.174390972667,-1.73387702851589,0.063400469506409,0.974601325153685
"77_h",0.300416808520538,8.05522951211967,0.0674820846940209,0.871669141245276
"78_h",0.0641151888672892,1.71915334592071,0.114620713010581,1.32399948375809
"79_h",0.0641151888672909,1.71915334592071,0.0438484423267635,1.03106700592211
"80_h",0.0646643031697747,1.73387702851589,0.0446715685052418,1.33631230356145
"81_h",-1.0135538861963,2.57873001888106,0.0626909526275951,0.784094264462771
"82_h",0.150208404260266,4.0276147560598,0.0349811260576973,1.22358526003639
"83_h",0.0511844909244186,1.37243592955965,0.0713098040445179,0.852849158529676
"84_h",1.10972666949723,5.53092271515856e-16,0.0955128790509734,1.11165260242103
"85_h",-2.09149211168341,3.43108982389912,0.113561999327312,0.546782664848135
"86_h",-0.150208404260268,-4.02761475605982,0.101708332445255,1.09061783362682
"87_h",-1.0135538861963,2.57873001888107,0.101018791887918,0.492888164247507
"88_h",1.41014347801777,8.05522951211963,0.119261633058083,0.851835114069439
"89_h",0.0511844909244248,1.37243592955965,0.0834672595986603,1.02785708419218
"90_h",3.37747908863657e-15,1.929333408654e-14,0.0856664555123143,0.959275775591581
"91_h",0.0255922454622098,0.686217964779823,0.0661465665902225,1.06706193209534
"92_h",-1.04561148062995,1.71915334592071,0.13335864179015,0.56761657979216
"93_h",-1.10972666949723,-2.06637903251729e-15,0.0626909526275951,0.784094264462771
"94_h",0.0320575944336454,0.85957667296035,0.0640044153919073,1.02770247807118
"95_h",0.0961727833009338,2.57873001888106,0.094781816142825,1.28363304608944
"96_h",2.51987014751501,8.05522951211968,0.0761688830330546,1.02026745105097
"97_h",1.41014347801777,8.05522951211965,0.0306609755953299,1.37876922845014
"98_h",0.150208404260266,4.02761475605981,0.0711718908122226,1.04450273083096
"99_h",0.0320575944336434,0.859576672960354,0.0625682131513949,1.2650690316721
"100_h",0.150208404260268,4.02761475605982,0.0657997105863483,1.19451189324213
"1_i",0.806394999776429,7.12165936577005e-17,0.0858141165518926,0.80002616125004
"2_i",0.529076163058047,1.42103758353988,0.000738377042433722,0.898916304358251
"3_i",0.529076163058047,1.42103758353988,0.127515523415536,1.01502370805496
"4_i",-0.529076163058047,-1.42103758353988,0.134094405234892,0.472576062440452
"5_i",-0.3028803470971,5.68415033415952,0.0651476693256443,0.985999643326373
"6_i",-3.37205178082636e-16,-3.80669145471607e-15,0.0841871893105247,0.973581693009084
"7_i",-1.33547116283448,-1.42103758353988,0.0423438643560745,1.15508395046817
"8_i",1.08371383649481,-1.42103758353988,0.0950161408781283,1.01741766538655
"9_i",-0.0255615103787185,4.26311275061962,0.0484339843022123,0.978323172349308
"10_i",-0.806394999776429,7.23482585618686e-16,0.0902616249502809,0.800613649686124
"11_i",-0.806394999776429,-2.07370699437218e-17,0.0639020516213213,0.572396065732437
"12_i",1.4005274407682e-17,1.58104803466605e-16,0.0656540539204171,1.08405292133173
"13_i",0.806394999776429,-2.04846407907662e-16,0.021600293952141,0.970918215013162
"14_i",0.251757326339665,2.84207516707976,0.0917690344842429,0.769123457132796
"15_i",-0.277318836718382,1.42103758353988,0.0390211452486004,0.953556240385753
"16_i",-1.69588981588314e-16,-1.91448106075058e-15,0.0510096256299647,1.07455829957077
"17_i",0.277318836718382,-1.42103758353988,0.0776404832993779,0.634624681374577
"18_i",-0.277318836718382,1.42103758353988,0.0425461268194652,1.04101893214098
"19_i",-2.76679863305072e-17,-3.12342437125126e-16,0.0713098040445179,0.852849158529676
"20_i",-2.56406519565739e-17,-2.89455966398354e-16,0.0328459012591372,0.664447245626203
"21_i",-0.251757326339665,-2.84207516707976,0.0868658048381205,0.905407383862228
"22_i",0.529076163058047,1.42103758353988,0.0650385608498703,0.917041210731974
"23_i",-0.529076163058047,-1.42103758353988,0.0504499807206948,1.05389247625804
"24_i",-0.780833489397714,-4.26311275061964,0.073862480676379,1.0458636487261
"25_i",1.08371383649481,-1.42103758353988,0.0674820846940209,0.871669141245276
"26_i",0.529076163058047,1.42103758353988,0.110757431385437,1.3122574219976
"27_i",-0.0255615103787172,4.26311275061964,0.0694859257070819,1.08205954844953
"28_i",1.61278999955286,-1.95044824242024e-16,0.0665885878564804,1.29262846514107
"29_i",-0.529076163058047,-1.42103758353988,0.0825539166954764,1.03843543910178
"30_i",0.251757326339665,2.84207516707976,0.0428773610324476,0.903746312576008
"31_i",0.529076163058047,1.42103758353988,0.114925039445093,0.800447313613514
"32_i",0.503514652679331,5.68415033415952,0.0657620162660529,0.779289638440806
"33_i",0.251757326339665,2.84207516707976,0.0972236318539796,0.526676707398813
"34_i",-0.554637673436764,2.84207516707976,0.0640017360473175,1.00005670192312
"35_i",0.0255615103787173,-4.26311275061964,0.0625682131513949,1.2650690316721
"36_i",1.0581523261161,2.84207516707976,0.0657997105863483,1.19451189324213
"37_i",0.529076163058047,1.42103758353988,0.0866622286723249,1.04073358606988
"38_i",0.277318836718382,-1.42103758353988,0.0856664555123143,0.959275775591581
"39_i",-0.277318836718382,1.42103758353988,0.108742617497689,0.947320317656774
"40_i",0.780833489397714,4.26311275061964,0.00791382046288767,0.264836263332551
"41_i",-0.277318836718382,1.42103758353988,0.0651476693256443,0.985999643326373
"42_i",-2.26623220917297e-17,-2.55833757776606e-16,0.0796729871636957,1.00266104976082
"43_i",-0.251757326339665,-2.84207516707976,0.0713098040445179,0.852849158529676
"44_i",-0.806394999776429,-2.04242570594598e-16,0.108122375431207,0.845971471695849
"45_i",1.33645138870052e-17,1.50871291773668e-16,0.0497721467070991,1.5218454198278
"46_i",0.780833489397714,4.26311275061964,0.108582742286038,0.542655691186908
"47_i",-0.277318836718382,1.42103758353988,0.0766164095146908,0.789831274496924
"48_i",-3.51103309116946e-17,-3.96358672229664e-16,0.0318305600169603,0.64985763699844
"49_i",1.0581523261161,2.84207516707976,0.0872862595361865,0.8683362113296
"50_i",-0.251757326339664,-2.84207516707975,0.0847442463570091,0.879771260454032
"51_i",-1.33099490978739e-15,-1.33054952826421e-15,0.0884446908536816,1.10305685826856
"52_i",3.12166460198701e-17,-1.32239196435787e-16,0.1101129104783,1.06591244432637
"53_i",0.493499144085161,1.32548181179887,0.0850106333935256,1.24034081796538
"54_i",0.239033303547127,0.642015898230698,0.0796729871636957,1.00266104976082
"55_i",-2.68664354420123e-16,-3.55374476226081e-16,0.0713098040445179,0.852849158529676
"56_i",-0.567361696229302,0.642015898230699,0.0761688830330546,1.02026745105097
"57_i",0.391249407800047,1.05085080720332,0.0730975615150108,0.984691171560456
"58_i",-0.872541283425119,1.98822271769831,0.0965336890308342,0.815701469597954
"59_i",-3.40394281551754e-16,2.96405045437831e-15,0.144024375618602,0.920103881265738
"60_i",3.59293322272942,3.15255242160996,0.058939323257336,1.10324766936369
"61_i",0.478066607094253,1.2840317964614,0.0783960103803114,1.35924976580913
"62_i",-1.85182330309999,-0.642015898230701,0.0427339068642301,0.745880594968704
"63_i",-0.391249407800046,-1.05085080720332,0.0235505156827557,1.1868035465339
"64_i",-1.19764440757647,-1.05085080720332,0.0291224538764731,0.628593504929541
"65_i",-0.806394999776427,2.12359607797543e-15,0.0825539166954764,1.03843543910178
"66_i",1.0149520617486e-15,1.34252293392991e-15,0.0428773610324476,0.903746312576008
"67_i",-1.95173932009948e-16,8.26791062620246e-16,0.0713098040445179,0.852849158529676
"68_i",0.246749572042581,0.662740905899433,0.0328459012591372,0.664447245626203
"69_i",0.559645427733848,-0.662740905899432,0.0943158544748512,0.787652143115615
"70_i",-5.12973479380415e-17,2.17304577381431e-16,0.0929439815303063,0.857309971058426
"71_i",0.308149078901763,0.827652903358187,0.0918444957310527,0.808819351239762
"72_i",3.77721006120905e-16,4.99628635140408e-16,0.0488151353016542,0.922184765120284
"73_i",1.76252821396494,2.5680635929228,0.0883067659396421,0.780170420873255
"74_i",-1.99423058932926e-15,-1.99356327388657e-15,0.0740844132711027,1.17447704945115
"75_i",0.308149078901763,0.827652903358185,0.0884446908536816,1.10305685826856
"76_i",-0.23903330354713,-0.642015898230701,0.0665885878564804,1.29262846514107
"77_i",0.24674957204258,0.662740905899436,0.0626909526275951,0.784094264462771
"78_i",1.61278999955286,-2.38037134256835e-15,0.0587523566407772,0.982895880293186
"79_i",-0.415145591976379,1.05085080720333,0.0496732266773081,0.919497582397705
"80_i",0.616298157803527,1.65530580671637,0.0761688830330546,1.02026745105097
"81_i",0.415145591976386,-1.05085080720332,0.0518792685551705,1.1817302000053
"82_i",1.28446160687069,1.2840317964614,0.0802133630223221,1.32280217916551
"83_i",3.17778763075305,4.20340322881329,0.0565327539650282,1.00769344641325
"84_i",1.43218671115897,-2.65096362359774,0.073862480676379,1.0458636487261
"85_i",1.98014322317657,3.15255242160996,0.0866622286723249,1.04073358606988
"86_i",1.52349491041781,1.92604769469209,0.116079943092899,1.0214413400616
"87_i",0.498245920874666,-0.827652903358183,0.0641463689707712,0.875330465310321
"88_i",-8.82353205522147e-16,3.73780318348484e-15,0.1101129104783,1.06591244432637
"89_i",-0.80639499977643,-2.06405801854842e-15,0.0501981386538614,1.13546922641457
"90_i",-0.498245920874666,0.827652903358184,0.0345183552158242,1.19442527496749
"91_i",-1.04542830332356,-0.6420158982307,0.125479561069125,0.378070772699293
"92_i",0.190096841972902,-1.65530580671637,0.108122375431207,0.845971471695849
"93_i",-0.567361696229298,0.642015898230703,0.0845413611158143,0.855748552969735
"94_i",-1.19764440757647,-1.05085080720331,0.0802133630223221,1.32280217916551
"95_i",0.415145591976382,-1.05085080720332,0.101018791887918,0.492888164247507
"96_i",-0.190096841972903,1.65530580671637,0.0710294050606932,0.864158237028395
"97_i",-2.26887112357817e-16,1.97566435432177e-15,0.0968492726305362,0.572808399516876
"98_i",-2.0040394073529,-1.05085080720332,0.0650307731213485,0.714803574230509
"99_i",0.717099910641384,1.9260476946921,0.0697892514418617,1.0482796903294
"100_i",-0.806394999776429,-2.45759505156921e-16,0.062323842259641,0.543259625150137
"1_j",-0.160662613043289,1.72635372983181,0.0825539166954764,1.03843543910178
"2_j",0.737549956935736,1.7263537298318,0.0796729871636957,1.00266104976082
"3_j",-0.160662613043289,1.72635372983181,0.0822991330612008,0.859972448005609
"4_j",-0.529437591511158,0.863176864915904,0.0923476268289784,1.32917317358665
"5_j",-0.898212569979027,6.57602065928519e-17,0.0967272364992567,0.651606778016443
"6_j",-6.96327869818433e-17,7.48219011552484e-16,0.0711718908122226,1.04450273083096
"7_j",0.529437591511158,-0.863176864915902,0.080625256607237,1.1867453568133
"8_j",-0.160662613043289,1.72635372983181,0.04057250140316,1.1558062811508
"9_j",0.737549956935736,1.72635372983181,0.0834672595986603,1.02785708419218
"10_j",-0.160662613043289,1.72635372983181,0.0865886646676195,1.03878029072913
"11_j",-6.8043369454757e-18,7.31140384333803e-17,0.109650937405075,1.49774818861036
"12_j",0.368774978467869,0.863176864915904,0.0791152471181873,1.19336792599699
"13_j",-9.24434673764292e-18,9.93324592952336e-17,0.0501981386538614,1.13546922641457
"14_j",3.69968257927108e-18,-3.97538711647712e-17,0.0796729871636957,1.00266104976082
"15_j",0.737549956935736,1.7263537298318,0.0822991330612008,0.859972448005609
"16_j",1.98043565206087e-17,-2.12801996050318e-16,0.0625967640440578,0.996810209606428
"17_j",-0.529437591511158,0.863176864915904,0.0601696103489296,1.26403210287632
"18_j",0.529437591511158,-0.863176864915904,0.0929439815303063,0.857309971058426
"19_j",9.19864695585477e-18,-9.88414054822272e-17,0.0918444957310527,0.808819351239762
"20_j",0.368774978467869,0.863176864915904,0.0903878547666263,1.18034613175399
"21_j",-3.89143309324049e-18,4.18142709598316e-17,0.136825308348133,0.279432939893969
"22_j",-0.321325226086577,3.45270745966361,0.0687619015636411,1.46529313138714
"23_j",1.43159642434059e-17,-1.53828061174902e-16,0.101405387218356,0.682424424475004
"24_j",1.26698754844689,0.8631768649159,0.104741109086812,1.27077410834412
"25_j",-1.05887518302231,1.7263537298318,0.0327918912840294,1.08303343063916
"26_j",-0.690100204554445,2.58953059474771,0.0792102163218222,0.973501064691922
"27_j",-0.529437591511158,0.863176864915904,0.0391187050532769,1.34187412331193
"28_j",0.368774978467869,0.863176864915904,0.0597021225054853,1.07498736493089
"29_j",5.75018646048027e-19,-6.17869686994559e-18,0.0730975615150108,0.984691171560456
"30_j",-0.160662613043289,1.72635372983181,0.0929439815303063,0.857309971058426
"31_j",-1.42765016149018,0.863176864915901,0.0516405228854669,1.08945633811993
"32_j",0.945662322360319,4.31588432457952,0.0903878547666263,1.18034613175399
"33_j",0.737549956935736,1.72635372983181,0.0485132645782334,1.29299480028312
"34_j",0.368774978467869,0.863176864915904,0.081560753084426,0.91786887740637
"35_j",-1.05887518302231,1.7263537298318,0.0523710424882435,0.539015792487785
"36_j",0.208112365424578,2.58953059474771,0.0999397908502586,1.21535363519009
"37_j",0.529437591511158,-0.863176864915904,0.0850106333935256,1.24034081796538
"38_j",-0.529437591511158,0.863176864915904,0.116376694473164,0.983255331610085
"39_j",-0.529437591511158,0.863176864915905,0.0893213102905271,0.498415259574776
"40_j",0.368774978467869,0.863176864915904,0.112318492077448,1.07546869717597
"41_j",-0.529437591511158,0.863176864915905,0.0708470506019678,1.00629418966305
"42_j",-0.368774978467869,-0.863176864915904,0.0626963973708347,1.07456852601933
"43_j",0.737549956935736,1.7263537298318,0.0871506404257356,1.33953092980552
"44_j",-0.529437591511158,0.863176864915905,0.0429228675562446,0.937365839416348
"45_j",0.898212569979027,1.19097713009736e-16,0.126728802105517,0.858181529207994
"46_j",1.3514610327692,1.060900576185,0.070835418368862,1.09817541254858
"47_j",-7.98647735169826e-17,-1.51737143153224e-16,0.0838801705058303,1.13247446113264
"48_j",-0.290519528285995,-2.78241774989273,0.0510096256299647,1.07455829957077
"49_j",-3.73244116947793,-4.53155540468293,0.0676043860236935,1.18790502218997
"50_j",0.0941505490377948,2.32278472224422,0.0905023478574363,1.14119501572754
"51_j",-4.02921533742754,-5.22620284780139,0.0554164661517901,1.38880006576739
"52_j",0.13959088956184,4.53155540468297,0.0761688830330546,1.02026745105097
"53_j",-0.402031010470616,1.16139236112211,0.0730975615150108,0.984691171560456
"54_j",0.226624231395086,0.530450288092502,0.115477791600657,1.22344419451912
"55_j",-4.7702446290188,-9.06311080936592,0.0809168054651246,0.63320665768759
"56_j",1.47925162655101,5.56483549978543,0.073862480676379,1.0458636487261
"57_j",4.77024462901881,9.06311080936594,0.103647022829258,1.16231097700038
"58_j",-0.67158833858394,0.530450288092501,0.081560753084426,0.91786887740637
"59_j",-0.153940230716412,1.74208854168317,0.101086129674551,0.717177938858199
"60_j",1.12483680137411,0.530450288092499,0.0806502560926837,0.84520730921479
"61_j",-2.83422859949892,-4.53155540468296,0.105594889461589,0.711395465245032
"62_j",-1.18873209826502,-2.78241774989273,0.0197753251277824,1.27778667341564
"63_j",-4.7702446290188,-9.06311080936591,0.094781816142825,1.28363304608944
"64_j",1.11639509873475,2.61310142390071,0.077472195436518,1.16299169159654
"65_j",1.39439412948744,1.16139236112211,0.0746799294546782,1.10954915881552
"66_j",-0.444964107188854,1.060900576185,0.049399800094139,1.23169549060349
"67_j",0.744272339262616,1.74208854168317,0.136966961287775,1.05553703560746
"68_j",-1.57640324565843e-15,-5.93031272432709e-15,0.0657997105863483,1.19451189324213
"69_j",-2.01476501575182,1.5913508642775,0.12605925449414,0.443677622376077
"70_j",0.679872694185259,1.5913508642775,0.0858565931645352,0.633475416756415
"71_j",-6.12942102194301e-16,-2.30584297382642e-15,0.0874268557139923,0.935215076715946
"72_j",-1.47925162655102,-5.56483549978545,0.0715397207036438,1.35610798812352
"73_j",-0.67158833858394,0.5304502880925,0.081880791883632,1.09011059403243
"74_j",-0.218339875793769,1.5913508642775,0.058089888214812,1.25744111942313
"75_j",1.12483680137411,0.530450288092498,0.094781816142825,1.28363304608944
"76_j",-8.62693162676747e-16,2.49215911964652e-15,0.0597021225054853,1.07498736493089
"77_j",1.47925162655101,5.56483549978543,0.0943158544748512,0.787652143115615
"78_j",-0.663303982982619,2.6522514404625,0.0709864481387214,1.09368585396424
"79_j",0.248090779754205,0.580696180561057,0.0918444957310527,0.808819351239762
"80_j",0.248090779754206,0.580696180561055,0.0640572324805267,1.06057695485729
"81_j",0.650121790224821,-0.580696180561054,0.0954810237620995,0.944525723096369
"82_j",-0.402031010470616,1.16139236112211,0.0607349330412394,0.999197034880464
"83_j",0.49618155950841,1.16139236112211,0.0334896690586576,0.15209253248468
"84_j",-2.42153401884258e-15,-4.60073494091093e-15,0.1101129104783,1.06591244432637
"85_j",0.248090779754205,0.580696180561056,0.0773903068396356,0.916973435604791
"86_j",-0.607693041693032,2.78241774989272,0.0354438968995708,1.25274524510529
"87_j",1.12483680137411,0.530450288092498,0.0717446114371695,1.28234898891983
"88_j",-1.23012355798951e-14,-2.33714347634276e-14,0.0437253763064092,1.16213535460845
"89_j",0.671588338583943,-0.530450288092506,0.0845413611158143,0.855748552969735
"90_j",-0.248090779754206,-0.580696180561055,0.0668429106756437,0.255207762791959
"91_j",0.0941505490377939,2.32278472224423,0.106791685401233,0.922684155052192
"92_j",-2.83422859949891,-4.53155540468295,0.0836002483678465,1.08991450311569
"93_j",-1.30024358044964,1.16139236112211,0.0957088090127624,1.1236485728744
"94_j",0.453248462790173,1.060900576185,0.0980907330475034,1.12093418058223
"95_j",2.01460766871377,2.6131014239007,0.0384923732091722,1.37938144180059
"96_j",0.45324846279017,1.060900576185,0.0446715685052418,1.33631230356145
"97_j",3.87203205903977,9.0631108093659,0.0796355493616338,1.00354201481861
"98_j",7.95783278766727e-17,2.99367799252781e-16,0.0805985288474423,1.06098101989862
"99_j",1.9360160295199,4.53155540468298,0.0496732266773081,0.919497582397705
"100_j",-0.671588338583941,0.530450288092501,0.0806374476585132,0.945471120430918
"1_k",-0.36514724599938,1.05694940598644,0.0730975615150108,0.984691171560456
"2_k",0.27449350579728,2.11389881197289,0.0198919663544959,1.64965462269682
"3_k",0.914134257593939,3.17084821795933,0.080625256607237,1.1867453568133
"4_k",-0.36514724599938,1.05694940598644,0.0979914236622102,0.893853242143995
"5_k",-1.8953655673105e-18,-1.45963781888194e-17,0.106493005362997,0.500552258312666
"6_k",4.96030350335768e-18,3.81997368291715e-17,0.0942938913462537,0.883997478907236
"7_k",-1.00478799779604,9.17704273657416e-16,0.0838074683999445,0.788527799643122
"8_k",0.274493505797279,2.11389881197288,0.0792712216324114,0.92856433834245
"9_k",0.36514724599938,-1.05694940598644,0.105594889461589,0.711395465245032
"10_k",-0.36514724599938,1.05694940598644,0.0649299570756541,1.08602244820898
"11_k",-0.63964075179666,-1.05694940598644,0.0822991330612008,0.859972448005609
"12_k",-0.27449350579728,-2.11389881197289,0.0625967640440578,0.996810209606428
"13_k",-1.36993524379542,1.05694940598644,0.0868658048381205,0.905407383862228
"14_k",-0.63964075179666,-1.05694940598644,0.0802133630223221,1.32280217916551
"15_k",0.27449350579728,2.11389881197289,0.080625256607237,1.1867453568133
"16_k",0.63964075179666,1.05694940598644,0.04871123980824,1.40714736342117
"17_k",-1.6444287495927,-1.05694940598644,0.0799769608679194,1.18009731534397
"18_k",0.914134257593939,3.17084821795933,0.081560753084426,0.91786887740637
"19_k",-0.63964075179666,-1.05694940598644,0.0661465665902225,1.06706193209534
"20_k",-0.0906537402021007,3.17084821795933,0.0772087074991184,0.739855794758409
"21_k",-0.36514724599938,1.05694940598644,0.0773903068396356,0.916973435604791
"22_k",-0.73029449199876,2.11389881197289,0.0644671862337806,1.05686246314008
"23_k",-1.36993524379542,1.05694940598644,0.094781816142825,1.28363304608944
"24_k",-1.00478799779604,-8.4772543553186e-17,0.0657620162660529,0.779289638440806
"25_k",0.63964075179666,1.05694940598644,0.058608033089714,1.31217999586665
"26_k",6.09729968603618e-18,4.69558451851807e-17,0.118318966228984,0.47859525538796
"27_k",-1.36993524379542,1.05694940598644,0.0717425093082597,0.949137844679845
"28_k",0.63964075179666,1.05694940598644,0.111026694635259,0.870118302270261
"29_k",-0.36514724599938,1.05694940598644,0.0869385170712054,1.15188774445275
"30_k",-0.36514724599938,1.05694940598644,0.029514297837359,1.18685980848108
"31_k",1.00478799779604,2.33042893388681e-17,0.0694859257070819,1.08205954844953
"32_k",-0.36514724599938,1.05694940598644,0.0482735582722988,1.05601982001307
"33_k",-0.73029449199876,2.11389881197289,0.0926152194116115,0.857468740031822
"34_k",-0.0906537402021007,3.17084821795933,0.0796729871636957,1.00266104976082
"35_k",0.63964075179666,1.05694940598644,0.0506355681891072,2.12710207074828
"36_k",-2.15492556716363e-18,-1.65952727482063e-17,0.122098489613899,1.66153613756688
"37_k",0.63964075179666,1.05694940598644,0.115534147434692,0.590613114670773
"38_k",0.639640751796659,1.05694940598644,0.0929439815303063,0.857309971058426
"39_k",0.73029449199876,-2.11389881197289,0.0510070822494156,1.49595634479847
"40_k",-0.36514724599938,1.05694940598644,0.0657997105863483,1.19451189324213
"41_k",-0.639640751796659,-1.05694940598644,0.087656561569794,0.842312769160497
"42_k",0.36514724599938,-1.05694940598644,0.116079943092899,1.0214413400616
"43_k",-0.36514724599938,1.05694940598644,0.0586918111592149,1.24804468416685
"44_k",0.548987011594559,4.22779762394578,0.0806502560926837,0.84520730921479
"45_k",0.274493505797279,2.11389881197289,0.0362060541677042,1.26862468075134
"46_k",0.174319047025614,-1.37227601859556,0.0587523566407772,0.982895880293186
"47_k",-1.32813693381782e-17,-5.55534780478472e-17,0.0554164661517901,1.38880006576739
"48_k",1.84885783184896,3.055072994704,0.0761688830330546,1.02026745105097
"49_k",1.84885783184896,3.05507299470401,0.0723554857323719,1.05989032792303
"50_k",0.656149903744812,2.74455203719111,0.065811804724301,0.818769489935377
"51_k",1.84885783184896,3.05507299470401,0.0464411336281486,0.656978393941657
"52_k",-1.33300014486476e-15,-1.53480395596071e-15,0.0881987265320107,1.05132325826738
"53_k",-1.00478799779604,5.02568154383615e-16,0.0674820846940209,0.871669141245276
"54_k",0.376253160244931,0.621724855873198,0.0942938913462537,0.883997478907236
"55_k",-1.27432433381784e-16,-1.36427366644352e-16,0.0861205563237718,0.879373602728658
"56_k",0.188539586765598,1.97186761179129,0.1101129104783,1.06591244432637
"57_k",-0.70645610165563,0.492966902947821,0.0491857242176819,1.12255140596455
"58_k",0.656149903744812,2.74455203719111,0.0796729871636957,1.00266104976082
"59_k",-0.628534837551109,0.621724855873198,0.047837791946211,0.42206527096992
"60_k",1.30311989393645,0.492966902947822,0.0657620162660529,0.779289638440806
"61_k",-0.298331896140409,-0.492966902947822,0.0746799294546782,1.10954915881552
"62_k",1.66093790154085,2.74455203719111,0.0802133630223221,1.32280217916551
"63_k",2.77328674777344,4.58260949205601,0.0826701995741878,1.12475053823202
"64_k",0.830468950770426,1.37227601859555,0.0836002483678465,1.08991450311569
"65_k",0.123971482938753,1.86517456761959,0.0600338379847885,1.10888987704115
"66_k",-0.109792309374811,1.47890070884346,0.0847294366860264,0.592844885579157
"67_k",-1.00478799779604,-1.97330737399061e-16,0.0233856687487719,1.33676978005138
"68_k",-0.174319047025613,1.37227601859556,0.0853176264768832,0.985090876315587
"69_k",1.30311989393645,0.492966902947821,0.129859225408874,0.7919320687008
"70_k",-0.252281677306178,1.2434497117464,0.068852314520311,1.09648803415309
"71_k",0.830468950770425,1.37227601859555,0.110866638104217,1.39806351796137
"72_k",0.656149903744812,2.74455203719111,0.0950161408781283,1.01741766538655
"73_k",-1.17910704482165,1.37227601859555,0.086799664127541,0.765225625747889
"74_k",0.656149903744811,2.74455203719111,0.0626963973708347,1.07456852601933
"75_k",-0.830468950770426,-1.37227601859556,0.0603554379155516,1.0595572692094
"76_k",-1.00478799779604,-2.95167141316214e-16,0.0900094885366412,1.06986434126618
"77_k",0.500224643183685,2.48689942349279,0.0576161261000614,1.18505868556759
"78_k",-3.98180592077948e-17,-4.26286528354474e-17,0.10986848277288,1.13797056203255
"79_k",-0.376253160244931,-0.621724855873199,0.103565004514561,0.737542969373802
"80_k",-8.94665023389262e-16,-1.03010897819282e-15,0.112804144770058,1.04512964996187
"81_k",1.15454758176863,1.90778710910116,0.0644106367896579,1.06304671039158
"82_k",-0.596663792280819,-0.985933805895644,0.0425461268194652,1.04101893214098
"83_k",-2.00957599559208,9.12999740334965e-16,0.0713098040445179,0.852849158529676
"84_k",-1.92921691372052,-1.527536497352,0.0597021225054853,1.07498736493089
"85_k",-0.174319047025614,1.37227601859555,0.100495685087786,0.579835114775568
"86_k",-0.252281677306178,1.2434497117464,0.0555331300564915,1.35915701070248
"87_k",-0.0803590818715581,1.527536497352,0.0504499807206948,1.05389247625804
"88_k",0.29833189614041,0.492966902947821,0.0875419635578931,0.965347628563774
"89_k",-1.50935135240839,2.48689942349279,0.0516983074609895,0.995999621118249
"90_k",2.64853843319624e-16,1.1078339737492e-15,0.0485007931582711,0.511738271054648
"91_k",0.830468950770426,1.37227601859555,0.0864444932342303,0.911325391483547
"92_k",-1.00478799779604,3.92215916890487e-15,0.0893829868700669,0.904444183000952
"93_k",1.00478799779604,-5.33108055102027e-15,0.0362060541677042,1.26862468075134
"94_k",-0.830468950770425,-1.37227601859555,0.0787474454799489,0.944341079623022
"95_k",0.376253160244931,0.621724855873197,0.0496732266773081,0.919497582397705
"96_k",0.656149903744811,2.74455203719111,0.0955128790509734,1.11165260242103
"97_k",-0.348638094051227,2.74455203719111,0.0828239123225559,0.999165962697865
"98_k",-0.408124205515221,0.985933805895644,0.101708332445255,1.09061783362682
"99_k",0.752506320489861,1.2434497117464,0.106791685401233,0.922684155052192
"100_k",-1.00478799779604,-2.19657181547732e-16,0.0691674067064317,0.799347975306208
"1_l",2.26174024102991e-37,5.73318094202114e-36,0.0725900014262907,0.823177140006519
"2_l",-2.61656702216588e-19,-6.63261497181103e-18,0.0937948929673943,1.40532764123219
"3_l",1.88698363896916e-17,4.78322772906823e-16,0.108742617497689,0.947320317656774
"4_l",-0.613102509413692,2.42183013673258,0.0446715685052418,1.33631230356145
"5_l",-7.20258148485664e-18,-1.82574913569787e-16,0.0514309667396801,1.20911998517837
"6_l",0.804184937565908,2.42183013673258,0.124364848269694,0.781736839485257
"7_l",-0.613102509413692,2.42183013673258,0.0938159961970311,1.64520039544196
"8_l",-0.613102509413692,2.42183013673258,0.0955128790509734,1.11165260242103
"9_l",0.804184937565907,2.42183013673258,0.0456592912431809,1.41851504693712
"10_l",-0.613102509413692,2.42183013673258,0.065811804724301,0.818769489935377
"11_l",8.61587840063959e-21,2.18399924753629e-19,0.0918444957310527,0.808819351239762
"12_l",-1.22620501882738,4.84366027346516,0.0488151353016542,0.922184765120284
"13_l",0.804184937565907,2.42183013673258,0.0706717674128608,0.720735378229992
"14_l",-0.804184937565908,-2.42183013673258,0.0767766415847449,0.97456450752908
"15_l",-6.7875149062572e-20,-1.72053582450823e-18,0.0712496397795797,1.01828624190498
"16_l",-1.1239230504261e-19,-2.84898066369772e-18,0.0482735582722988,1.05601982001307
"17_l",1.4172874469796,-4.30901445991871e-19,0.0644106367896579,1.06304671039158
"18_l",-5.03759764175119e-20,-1.27695737420788e-18,0.0908335820704189,1.00392239616257
"19_l",1.84704268540795e-21,4.68198324943735e-20,0.0928536546852319,0.437595907091389
"20_l",-1.89413700297469e-19,-4.80136046130858e-18,0.0296806490371422,0.881967816791825
"21_l",-1.00287966187715e-18,-2.54215336505508e-17,0.0953118418290687,1.16281291342269
"22_l",-0.613102509413692,2.42183013673258,0.0965336890308342,0.815701469597954
"23_l",8.82462072326297e-20,2.2369123754078e-18,0.0766164095146908,0.789831274496924
"24_l",0.191082428152216,4.84366027346516,0.0399157384290426,1.0698306514472
"25_l",-1.4172874469796,-1.89847598298921e-17,0.0555049880445025,1.23790118271928
"26_l",-0.613102509413692,2.42183013673258,0.0233791330349754,0.877459889178696
"27_l",-0.613102509413692,2.42183013673258,0.132383007907241,0.386076187387003
"28_l",0.191082428152216,4.84366027346516,0.0503310872900584,0.992350746526531
"29_l",-0.613102509413692,2.42183013673258,0.081880791883632,1.09011059403243
"30_l",-4.41263009859655e-19,-1.11853723635137e-17,0.0911648162834014,0.866649776597601
"31_l",-9.44597227547347e-19,-2.39441591241019e-17,0.0928536546852319,0.437595907091389
"32_l",1.1823274050026e-17,2.9970271663485e-16,0.077472195436518,1.16299169159654
"33_l",-0.613102509413692,2.42183013673258,0.0795518590887498,0.94600755532111
"34_l",1.60836987513182,4.84366027346516,0.0287373074689823,1.09941468656951
"35_l",4.05316459810042e-20,1.02741798581267e-18,0.106791685401233,0.922684155052192
"36_l",-0.804184937565908,-2.42183013673258,0.0734032794819322,0.908019003632139
"37_l",0.804184937565908,2.42183013673258,0.0715544113913435,0.924784953799174
"38_l",-0.613102509413692,2.42183013673258,0.0950821781820009,1.09795919475637
"39_l",0.191082428152216,4.84366027346516,0.0641463689707712,0.875330465310321
"40_l",1.22620501882738,-4.84366027346516,0.0650313463502771,0.819504778020322
"41_l",2.23273429185232,2.4557457514608,0.110085374505586,0.884532623672673
"42_l",5.44568282035971e-17,7.1865407118955e-17,0.0746273522491068,1.06204544801036
"43_l",-0.970052963615992,1.34686177196305,0.094781816142825,1.28363304608944
"44_l",-0.970052963615992,1.34686177196305,0.0689272684880481,0.561769067275184
"45_l",-1.00956402454324,1.2278728757304,0.0730975615150108,0.984691171560456
"46_l",-0.746435721934187,2.02029265794457,0.0709864481387214,1.09368585396424
"47_l",0.28658862347795,0.863071331930687,0.113018611162207,1.11205470244332
"48_l",-1.13069882350165,0.863071331930687,0.10737243005132,1.45267325987583
"49_l",0.249259511916724,0.750653450006581,0.12605925449414,0.443677622376077
"50_l",-1.4172874469796,1.60501692195394e-16,0.113335579280631,0.761241604589777
"51_l",0.552753890737839,1.66463703589994,0.0925360541862369,0.954704432648611
"52_l",0.249259511916723,0.750653450006583,0.0853176264768832,0.985090876315587
"53_l",-1.4172874469796,-3.23196800924832e-17,0.081880791883632,1.09011059403243
"54_l",0.552753890737839,1.66463703589994,0.0749585864620893,0.924772828445394
"55_l",0.498519023833447,1.50130690001317,0.094781816142825,1.28363304608944
"56_l",0.249259511916724,0.750653450006582,0.0806374476585132,0.945471120430918
"57_l",0.249259511916724,0.750653450006581,0.0723554857323719,1.05989032792303
"58_l",-0.918768423146152,1.50130690001316,0.0709864481387214,1.09368585396424
"59_l",-0.669508911229427,2.25196035001974,0.0875385184214239,0.815742625235673
"60_l",0.249259511916724,0.750653450006582,0.135824951660861,0.946840235383952
"61_l",0.0553633687636293,-4.10148042134258,0.0686831016179227,1.11757701204875
"62_l",-1.13069882350165,0.863071331930686,0.0950821781820009,1.09795919475637
"63_l",0.680962039107985,2.05074021067129,0.0884446908536816,1.10305685826856
"64_l",-1.4172874469796,-2.62176823499827e-17,0.0806502560926837,0.84520730921479
"65_l",0.859765870433847,2.58921399579206,0.0926152194116115,0.857468740031822
"66_l",0.407723422436361,1.2278728757304,0.107039811891731,0.945799344314779
"67_l",-1.00956402454324,1.2278728757304,0.0554164661517901,1.38880006576739
"68_l",1.97004133771744,1.66463703589994,0.0921456292321308,0.933119461373409
"69_l",1.82501086941596,1.2278728757304,0.0868658048381205,0.905407383862228
"70_l",-0.746435721934188,2.02029265794457,0.0709864481387214,1.09368585396424
"71_l",-1.4172874469796,0,0.0255269895086327,1.19964426759083
"72_l",0.680962039107985,2.05074021067129,0.0881987265320107,1.05132325826738
"73_l",-1.16802793506288,0.750653450006582,0.0696774345153918,0.919156195139373
"74_l",-0.746435721934188,2.02029265794457,0.0612991548566244,1.15394288050144
"75_l",0.680962039107985,2.05074021067129,0.0458486399462148,1.22279847270713
"76_l",8.77171274839144e-18,-1.43333538053023e-17,0.0280020381997698,1.6955703786147
"77_l",-0.0553633687636293,4.10148042134258,0.0644106367896579,1.06304671039158
"78_l",0.498519023833448,1.50130690001316,0.0649299570756541,1.08602244820898
"79_l",0.447234483363608,1.34686177196305,0.0928536546852319,0.437595907091389
"80_l",0.223617241681804,0.673430885981523,0.0806374476585132,0.945471120430918
"81_l",-0.669508911229426,2.25196035001974,0.058608033089714,1.31217999586665
"82_l",0.680962039107985,2.05074021067129,0.0477901090723129,0.677311224680736
"83_l",-1.00956402454324,1.2278728757304,0.113018611162207,1.11205470244332
"84_l",-1.17748635215489e-18,8.72316357839491e-17,0.0640572324805267,1.06057695485729
"85_l",-1.97004133771744,-1.66463703589994,0.0443019898399454,1.16533861951072
"86_l",-0.736325407871615,2.05074021067129,0.0856664555123143,0.959275775591581
"87_l",0.223617241681804,0.673430885981524,0.0622692183203787,0.986150520817019
"88_l",0.680962039107985,2.05074021067129,0.113392593622399,0.898971268832462
"89_l",0.552753890737843,1.66463703589994,0.0666558793116561,1.1496152896054
"90_l",0.40772342243636,1.2278728757304,0.0939532464098639,0.890139666243767
"91_l",-1.00956402454324,1.2278728757304,0.094781816142825,1.28363304608944
"92_l",-0.736325407871614,2.05074021067129,0.077472195436518,1.16299169159654
"93_l",-0.918768423146153,1.50130690001316,0.0795518590887498,0.94600755532111
"94_l",-1.4172874469796,-6.56541058240646e-18,0.101708332445255,1.09061783362682
"95_l",0.55275389073784,1.66463703589994,0.13849870390299,1.40836677965096
"96_l",0.223617241681804,0.673430885981524,0.0734032794819322,0.908019003632139
"97_l",-0.601840602106879,2.4557457514608,0.0626792458669599,1.40225648494239
"98_l",2.52279522845528,3.32927407179988,0.077796523101439,1.01897017970434
"99_l",0.815446844872722,2.45574575146081,0.112618560035234,1.16254875272903
"100_l",-0.746435721934189,2.02029265794457,0.072713456564595,1.2637022580542
