"country","mp","party","perceived","true","shift","stretch","shift_country","stretch_country"
"c","1_c",1,0,-2.39776615887166,0.36421469704512,0.391845075063759,0.293800893958812,0.190577710607201
"c","1_c",2,0,-0.390170195652471,0.36421469704512,0.391845075063759,0.293800893958812,0.190577710607201
"c","1_c",3,0,1.13914389778711,0.36421469704512,0.391845075063759,0.293800893958812,0.190577710607201
"c","1_c",4,1.66130853529215,1.74933522076807,0.36421469704512,0.391845075063759,0.293800893958812,0.190577710607201
"c","2_c",1,0,-2.39776615887166,0.282378616219959,1.35568127284817,0.293800893958812,0.190577710607201
"c","2_c",2,0,-0.390170195652471,0.282378616219959,1.35568127284817,0.293800893958812,0.190577710607201
"c","2_c",3,3.32261707058431,1.13914389778711,0.282378616219959,1.35568127284817,0.293800893958812,0.190577710607201
"c","2_c",4,3.32261707058431,1.74933522076807,0.282378616219959,1.35568127284817,0.293800893958812,0.190577710607201
"c","3_c",1,-3.32261707058431,-2.39776615887166,0.253503859073672,1.60654064103471,0.293800893958812,0.190577710607201
"c","3_c",2,1.66130853529215,-0.390170195652471,0.253503859073672,1.60654064103471,0.293800893958812,0.190577710607201
"c","3_c",3,1.66130853529215,1.13914389778711,0.253503859073672,1.60654064103471,0.293800893958812,0.190577710607201
"c","3_c",4,3.32261707058431,1.74933522076807,0.253503859073672,1.60654064103471,0.293800893958812,0.190577710607201
"c","4_c",1,-4.98392560587646,-2.39776615887166,0.263032161588801,1.81099474151828,0.293800893958812,0.190577710607201
"c","4_c",2,0,-0.390170195652471,0.263032161588801,1.81099474151828,0.293800893958812,0.190577710607201
"c","4_c",3,1.66130853529215,1.13914389778711,0.263032161588801,1.81099474151828,0.293800893958812,0.190577710607201
"c","4_c",4,3.32261707058431,1.74933522076807,0.263032161588801,1.81099474151828,0.293800893958812,0.190577710607201
"c","5_c",1,-3.32261707058431,-2.39776615887166,0.219035478362277,1.35438017628197,0.293800893958812,0.190577710607201
"c","5_c",2,-1.66130853529215,-0.390170195652471,0.219035478362277,1.35438017628197,0.293800893958812,0.190577710607201
"c","5_c",3,3.32261707058431,1.13914389778711,0.219035478362277,1.35438017628197,0.293800893958812,0.190577710607201
"c","5_c",4,3.32261707058431,1.74933522076807,0.219035478362277,1.35438017628197,0.293800893958812,0.190577710607201
"c","6_c",1,-3.32261707058431,-2.39776615887166,0.345722580515734,1.4686188295322,0.293800893958812,0.190577710607201
"c","6_c",2,0,-0.390170195652471,0.345722580515734,1.4686188295322,0.293800893958812,0.190577710607201
"c","6_c",3,1.66130853529215,1.13914389778711,0.345722580515734,1.4686188295322,0.293800893958812,0.190577710607201
"c","6_c",4,3.32261707058431,1.74933522076807,0.345722580515734,1.4686188295322,0.293800893958812,0.190577710607201
"c","7_c",1,0,-2.39776615887166,0.187123091905993,0.887069417326192,0.293800893958812,0.190577710607201
"c","7_c",2,-1.66130853529215,-0.390170195652471,0.187123091905993,0.887069417326192,0.293800893958812,0.190577710607201
"c","7_c",3,1.66130853529215,1.13914389778711,0.187123091905993,0.887069417326192,0.293800893958812,0.190577710607201
"c","7_c",4,0,1.74933522076807,0.187123091905993,0.887069417326192,0.293800893958812,0.190577710607201
"c","8_c",1,0,-2.39776615887166,0.300342421672131,0.758538339338003,0.293800893958812,0.190577710607201
"c","8_c",2,1.66130853529215,-0.390170195652471,0.300342421672131,0.758538339338003,0.293800893958812,0.190577710607201
"c","8_c",3,0,1.13914389778711,0.300342421672131,0.758538339338003,0.293800893958812,0.190577710607201
"c","8_c",4,1.66130853529215,1.74933522076807,0.300342421672131,0.758538339338003,0.293800893958812,0.190577710607201
"c","9_c",1,-3.32261707058431,-2.39776615887166,0.220933931646915,1.31460181575421,0.293800893958812,0.190577710607201
"c","9_c",2,0,-0.390170195652471,0.220933931646915,1.31460181575421,0.293800893958812,0.190577710607201
"c","9_c",3,3.32261707058431,1.13914389778711,0.220933931646915,1.31460181575421,0.293800893958812,0.190577710607201
"c","9_c",4,3.32261707058431,1.74933522076807,0.220933931646915,1.31460181575421,0.293800893958812,0.190577710607201
"c","10_c",1,-3.32261707058431,-2.39776615887166,0.218206479668402,1.80106827869394,0.293800893958812,0.190577710607201
"c","10_c",2,0,-0.390170195652471,0.218206479668402,1.80106827869394,0.293800893958812,0.190577710607201
"c","10_c",3,3.32261707058431,1.13914389778711,0.218206479668402,1.80106827869394,0.293800893958812,0.190577710607201
"c","10_c",4,3.32261707058431,1.74933522076807,0.218206479668402,1.80106827869394,0.293800893958812,0.190577710607201
"c","11_c",1,-3.32261707058431,-2.39776615887166,0.304759624628672,1.21526534601913,0.293800893958812,0.190577710607201
"c","11_c",2,0,-0.390170195652471,0.304759624628672,1.21526534601913,0.293800893958812,0.190577710607201
"c","11_c",3,1.66130853529215,1.13914389778711,0.304759624628672,1.21526534601913,0.293800893958812,0.190577710607201
"c","11_c",4,3.32261707058431,1.74933522076807,0.304759624628672,1.21526534601913,0.293800893958812,0.190577710607201
"c","12_c",1,-1.66130853529215,-2.39776615887166,0.329455405754402,0.646535197900966,0.293800893958812,0.190577710607201
"c","12_c",2,1.66130853529215,-0.390170195652471,0.329455405754402,0.646535197900966,0.293800893958812,0.190577710607201
"c","12_c",3,1.66130853529215,1.13914389778711,0.329455405754402,0.646535197900966,0.293800893958812,0.190577710607201
"c","12_c",4,1.66130853529215,1.74933522076807,0.329455405754402,0.646535197900966,0.293800893958812,0.190577710607201
"c","13_c",1,-3.32261707058431,-2.39776615887166,0.290118933834526,0.689204212577155,0.293800893958812,0.190577710607201
"c","13_c",2,1.66130853529215,-0.390170195652471,0.290118933834526,0.689204212577155,0.293800893958812,0.190577710607201
"c","13_c",3,0,1.13914389778711,0.290118933834526,0.689204212577155,0.293800893958812,0.190577710607201
"c","13_c",4,1.66130853529215,1.74933522076807,0.290118933834526,0.689204212577155,0.293800893958812,0.190577710607201
"c","14_c",1,-1.66130853529215,-2.39776615887166,0.25625819838909,0.785853886411694,0.293800893958812,0.190577710607201
"c","14_c",2,0,-0.390170195652471,0.25625819838909,0.785853886411694,0.293800893958812,0.190577710607201
"c","14_c",3,1.66130853529215,1.13914389778711,0.25625819838909,0.785853886411694,0.293800893958812,0.190577710607201
"c","14_c",4,0,1.74933522076807,0.25625819838909,0.785853886411694,0.293800893958812,0.190577710607201
"c","15_c",1,-1.66130853529215,-2.39776615887166,0.298444530505282,0.849213440331613,0.293800893958812,0.190577710607201
"c","15_c",2,0,-0.390170195652471,0.298444530505282,0.849213440331613,0.293800893958812,0.190577710607201
"c","15_c",3,1.66130853529215,1.13914389778711,0.298444530505282,0.849213440331613,0.293800893958812,0.190577710607201
"c","15_c",4,1.66130853529215,1.74933522076807,0.298444530505282,0.849213440331613,0.293800893958812,0.190577710607201
"c","16_c",1,-1.66130853529215,-2.39776615887166,0.31617809357989,1.19454179273614,0.293800893958812,0.190577710607201
"c","16_c",2,-1.66130853529215,-0.390170195652471,0.31617809357989,1.19454179273614,0.293800893958812,0.190577710607201
"c","16_c",3,1.66130853529215,1.13914389778711,0.31617809357989,1.19454179273614,0.293800893958812,0.190577710607201
"c","16_c",4,1.66130853529215,1.74933522076807,0.31617809357989,1.19454179273614,0.293800893958812,0.190577710607201
"c","17_c",1,-1.66130853529215,-2.39776615887166,0.276276505755828,0.777573187153827,0.293800893958812,0.190577710607201
"c","17_c",2,0,-0.390170195652471,0.276276505755828,0.777573187153827,0.293800893958812,0.190577710607201
"c","17_c",3,0,1.13914389778711,0.276276505755828,0.777573187153827,0.293800893958812,0.190577710607201
"c","17_c",4,1.66130853529215,1.74933522076807,0.276276505755828,0.777573187153827,0.293800893958812,0.190577710607201
"c","18_c",1,-1.66130853529215,-2.39776615887166,0.322894154120677,0.893131675925612,0.293800893958812,0.190577710607201
"c","18_c",2,0,-0.390170195652471,0.322894154120677,0.893131675925612,0.293800893958812,0.190577710607201
"c","18_c",3,1.66130853529215,1.13914389778711,0.322894154120677,0.893131675925612,0.293800893958812,0.190577710607201
"c","18_c",4,0,1.74933522076807,0.322894154120677,0.893131675925612,0.293800893958812,0.190577710607201
"c","19_c",1,-1.66130853529215,-2.39776615887166,0.25077649311616,1.04639305585953,0.293800893958812,0.190577710607201
"c","19_c",2,0,-0.390170195652471,0.25077649311616,1.04639305585953,0.293800893958812,0.190577710607201
"c","19_c",3,1.66130853529215,1.13914389778711,0.25077649311616,1.04639305585953,0.293800893958812,0.190577710607201
"c","19_c",4,1.66130853529215,1.74933522076807,0.25077649311616,1.04639305585953,0.293800893958812,0.190577710607201
"c","20_c",1,-3.32261707058431,-2.39776615887166,0.200600085011032,1.4683268263144,0.293800893958812,0.190577710607201
"c","20_c",2,0,-0.390170195652471,0.200600085011032,1.4683268263144,0.293800893958812,0.190577710607201
"c","20_c",3,3.32261707058431,1.13914389778711,0.200600085011032,1.4683268263144,0.293800893958812,0.190577710607201
"c","20_c",4,3.32261707058431,1.74933522076807,0.200600085011032,1.4683268263144,0.293800893958812,0.190577710607201
"c","21_c",1,-1.66130853529215,-2.39776615887166,0.368335571047661,0.721347034002131,0.293800893958812,0.190577710607201
"c","21_c",2,0,-0.390170195652471,0.368335571047661,0.721347034002131,0.293800893958812,0.190577710607201
"c","21_c",3,0,1.13914389778711,0.368335571047661,0.721347034002131,0.293800893958812,0.190577710607201
"c","21_c",4,1.66130853529215,1.74933522076807,0.368335571047661,0.721347034002131,0.293800893958812,0.190577710607201
"c","22_c",1,-3.32261707058431,-2.39776615887166,0.34560787519298,1.48568444524425,0.293800893958812,0.190577710607201
"c","22_c",2,1.66130853529215,-0.390170195652471,0.34560787519298,1.48568444524425,0.293800893958812,0.190577710607201
"c","22_c",3,1.66130853529215,1.13914389778711,0.34560787519298,1.48568444524425,0.293800893958812,0.190577710607201
"c","22_c",4,3.32261707058431,1.74933522076807,0.34560787519298,1.48568444524425,0.293800893958812,0.190577710607201
"c","23_c",1,-1.66130853529215,-2.39776615887166,0.223888268538896,0.73173213886702,0.293800893958812,0.190577710607201
"c","23_c",2,0,-0.390170195652471,0.223888268538896,0.73173213886702,0.293800893958812,0.190577710607201
"c","23_c",3,1.66130853529215,1.13914389778711,0.223888268538896,0.73173213886702,0.293800893958812,0.190577710607201
"c","23_c",4,1.66130853529215,1.74933522076807,0.223888268538896,0.73173213886702,0.293800893958812,0.190577710607201
"c","24_c",1,-3.32261707058431,-2.39776615887166,0.340397914015299,1.31677906908464,0.293800893958812,0.190577710607201
"c","24_c",2,-1.66130853529215,-0.390170195652471,0.340397914015299,1.31677906908464,0.293800893958812,0.190577710607201
"c","24_c",3,1.66130853529215,1.13914389778711,0.340397914015299,1.31677906908464,0.293800893958812,0.190577710607201
"c","24_c",4,1.66130853529215,1.74933522076807,0.340397914015299,1.31677906908464,0.293800893958812,0.190577710607201
"c","25_c",1,-3.32261707058431,-2.39776615887166,0.32145699418217,1.39712435436319,0.293800893958812,0.190577710607201
"c","25_c",2,1.66130853529215,-0.390170195652471,0.32145699418217,1.39712435436319,0.293800893958812,0.190577710607201
"c","25_c",3,1.66130853529215,1.13914389778711,0.32145699418217,1.39712435436319,0.293800893958812,0.190577710607201
"c","25_c",4,1.66130853529215,1.74933522076807,0.32145699418217,1.39712435436319,0.293800893958812,0.190577710607201
"c","26_c",1,0,-2.39776615887166,0.32308933394835,0.784249188395806,0.293800893958812,0.190577710607201
"c","26_c",2,1.66130853529215,-0.390170195652471,0.32308933394835,0.784249188395806,0.293800893958812,0.190577710607201
"c","26_c",3,0,1.13914389778711,0.32308933394835,0.784249188395806,0.293800893958812,0.190577710607201
"c","26_c",4,3.32261707058431,1.74933522076807,0.32308933394835,0.784249188395806,0.293800893958812,0.190577710607201
"c","27_c",1,-1.66130853529215,-2.39776615887166,0.337599904800086,0.879365823550107,0.293800893958812,0.190577710607201
"c","27_c",2,-1.66130853529215,-0.390170195652471,0.337599904800086,0.879365823550107,0.293800893958812,0.190577710607201
"c","27_c",3,1.66130853529215,1.13914389778711,0.337599904800086,0.879365823550107,0.293800893958812,0.190577710607201
"c","27_c",4,0,1.74933522076807,0.337599904800086,0.879365823550107,0.293800893958812,0.190577710607201
"c","28_c",1,-3.32261707058431,-2.39776615887166,0.263475143979035,1.04365039008987,0.293800893958812,0.190577710607201
"c","28_c",2,0,-0.390170195652471,0.263475143979035,1.04365039008987,0.293800893958812,0.190577710607201
"c","28_c",3,1.66130853529215,1.13914389778711,0.263475143979035,1.04365039008987,0.293800893958812,0.190577710607201
"c","28_c",4,1.66130853529215,1.74933522076807,0.263475143979035,1.04365039008987,0.293800893958812,0.190577710607201
"c","29_c",1,-3.32261707058431,-2.39776615887166,0.332652427920231,1.1597335367888,0.293800893958812,0.190577710607201
"c","29_c",2,0,-0.390170195652471,0.332652427920231,1.1597335367888,0.293800893958812,0.190577710607201
"c","29_c",3,1.66130853529215,1.13914389778711,0.332652427920231,1.1597335367888,0.293800893958812,0.190577710607201
"c","29_c",4,1.66130853529215,1.74933522076807,0.332652427920231,1.1597335367888,0.293800893958812,0.190577710607201
"c","30_c",1,-3.32261707058431,-2.39776615887166,0.345987840623147,0.892780316615244,0.293800893958812,0.190577710607201
"c","30_c",2,-1.66130853529215,-0.390170195652471,0.345987840623147,0.892780316615244,0.293800893958812,0.190577710607201
"c","30_c",3,0,1.13914389778711,0.345987840623147,0.892780316615244,0.293800893958812,0.190577710607201
"c","30_c",4,4.98392560587646,1.74933522076807,0.345987840623147,0.892780316615244,0.293800893958812,0.190577710607201
"c","31_c",1,-1.66130853529215,-2.39776615887166,0.261156494299918,0.944869038989474,0.293800893958812,0.190577710607201
"c","31_c",2,0,-0.390170195652471,0.261156494299918,0.944869038989474,0.293800893958812,0.190577710607201
"c","31_c",3,0,1.13914389778711,0.261156494299918,0.944869038989474,0.293800893958812,0.190577710607201
"c","31_c",4,1.66130853529215,1.74933522076807,0.261156494299918,0.944869038989474,0.293800893958812,0.190577710607201
"c","32_c",1,-3.32261707058431,-2.39776615887166,0.345097198218704,1.64844925457632,0.293800893958812,0.190577710607201
"c","32_c",2,1.66130853529215,-0.390170195652471,0.345097198218704,1.64844925457632,0.293800893958812,0.190577710607201
"c","32_c",3,1.66130853529215,1.13914389778711,0.345097198218704,1.64844925457632,0.293800893958812,0.190577710607201
"c","32_c",4,1.66130853529215,1.74933522076807,0.345097198218704,1.64844925457632,0.293800893958812,0.190577710607201
"c","33_c",1,-1.66130853529215,-2.39776615887166,0.261077089292131,1.24657583842776,0.293800893958812,0.190577710607201
"c","33_c",2,-1.66130853529215,-0.390170195652471,0.261077089292131,1.24657583842776,0.293800893958812,0.190577710607201
"c","33_c",3,0,1.13914389778711,0.261077089292131,1.24657583842776,0.293800893958812,0.190577710607201
"c","33_c",4,3.32261707058431,1.74933522076807,0.261077089292131,1.24657583842776,0.293800893958812,0.190577710607201
"c","34_c",1,-3.32261707058431,-2.39776615887166,0.364688054845223,1.49532774209594,0.293800893958812,0.190577710607201
"c","34_c",2,0,-0.390170195652471,0.364688054845223,1.49532774209594,0.293800893958812,0.190577710607201
"c","34_c",3,1.66130853529215,1.13914389778711,0.364688054845223,1.49532774209594,0.293800893958812,0.190577710607201
"c","34_c",4,3.32261707058431,1.74933522076807,0.364688054845223,1.49532774209594,0.293800893958812,0.190577710607201
"c","35_c",1,-1.66130853529215,-2.39776615887166,0.301532152494031,0.507387007252568,0.293800893958812,0.190577710607201
"c","35_c",2,0,-0.390170195652471,0.301532152494031,0.507387007252568,0.293800893958812,0.190577710607201
"c","35_c",3,1.66130853529215,1.13914389778711,0.301532152494031,0.507387007252568,0.293800893958812,0.190577710607201
"c","35_c",4,1.66130853529215,1.74933522076807,0.301532152494031,0.507387007252568,0.293800893958812,0.190577710607201
"c","36_c",1,-3.32261707058431,-2.39776615887166,0.402262676738999,1.1422336877201,0.293800893958812,0.190577710607201
"c","36_c",2,0,-0.390170195652471,0.402262676738999,1.1422336877201,0.293800893958812,0.190577710607201
"c","36_c",3,1.66130853529215,1.13914389778711,0.402262676738999,1.1422336877201,0.293800893958812,0.190577710607201
"c","36_c",4,3.32261707058431,1.74933522076807,0.402262676738999,1.1422336877201,0.293800893958812,0.190577710607201
"c","37_c",1,-1.66130853529215,-2.39776615887166,0.312121197926734,0.830564275582278,0.293800893958812,0.190577710607201
"c","37_c",2,1.66130853529215,-0.390170195652471,0.312121197926734,0.830564275582278,0.293800893958812,0.190577710607201
"c","37_c",3,1.66130853529215,1.13914389778711,0.312121197926734,0.830564275582278,0.293800893958812,0.190577710607201
"c","37_c",4,1.66130853529215,1.74933522076807,0.312121197926734,0.830564275582278,0.293800893958812,0.190577710607201
"c","38_c",1,-1.66130853529215,-2.39776615887166,0.327789961907141,1.08997915134803,0.293800893958812,0.190577710607201
"c","38_c",2,-1.66130853529215,-0.390170195652471,0.327789961907141,1.08997915134803,0.293800893958812,0.190577710607201
"c","38_c",3,1.66130853529215,1.13914389778711,0.327789961907141,1.08997915134803,0.293800893958812,0.190577710607201
"c","38_c",4,1.66130853529215,1.74933522076807,0.327789961907141,1.08997915134803,0.293800893958812,0.190577710607201
"c","39_c",1,-3.32261707058431,-2.39776615887166,0.322082139581284,1.39134896599204,0.293800893958812,0.190577710607201
"c","39_c",2,-1.66130853529215,-0.390170195652471,0.322082139581284,1.39134896599204,0.293800893958812,0.190577710607201
"c","39_c",3,3.32261707058431,1.13914389778711,0.322082139581284,1.39134896599204,0.293800893958812,0.190577710607201
"c","39_c",4,3.32261707058431,1.74933522076807,0.322082139581284,1.39134896599204,0.293800893958812,0.190577710607201
"c","40_c",1,-3.32261707058431,-2.39776615887166,0.220564644367976,1.35516438349494,0.293800893958812,0.190577710607201
"c","40_c",2,0,-0.390170195652471,0.220564644367976,1.35516438349494,0.293800893958812,0.190577710607201
"c","40_c",3,1.66130853529215,1.13914389778711,0.220564644367976,1.35516438349494,0.293800893958812,0.190577710607201
"c","40_c",4,3.32261707058431,1.74933522076807,0.220564644367976,1.35516438349494,0.293800893958812,0.190577710607201
"c","41_c",1,-3.32261707058431,-2.39776615887166,0.280439154239801,1.89509892664885,0.293800893958812,0.190577710607201
"c","41_c",2,0,-0.390170195652471,0.280439154239801,1.89509892664885,0.293800893958812,0.190577710607201
"c","41_c",3,3.32261707058431,1.13914389778711,0.280439154239801,1.89509892664885,0.293800893958812,0.190577710607201
"c","41_c",4,3.32261707058431,1.74933522076807,0.280439154239801,1.89509892664885,0.293800893958812,0.190577710607201
"c","42_c",1,-3.32261707058431,-2.39776615887166,0.380365503833613,1.28668640897111,0.293800893958812,0.190577710607201
"c","42_c",2,1.66130853529215,-0.390170195652471,0.380365503833613,1.28668640897111,0.293800893958812,0.190577710607201
"c","42_c",3,1.66130853529215,1.13914389778711,0.380365503833613,1.28668640897111,0.293800893958812,0.190577710607201
"c","42_c",4,3.32261707058431,1.74933522076807,0.380365503833613,1.28668640897111,0.293800893958812,0.190577710607201
"c","43_c",1,-3.32261707058431,-2.39776615887166,0.334115097086229,1.38393103484155,0.293800893958812,0.190577710607201
"c","43_c",2,0,-0.390170195652471,0.334115097086229,1.38393103484155,0.293800893958812,0.190577710607201
"c","43_c",3,1.66130853529215,1.13914389778711,0.334115097086229,1.38393103484155,0.293800893958812,0.190577710607201
"c","43_c",4,1.66130853529215,1.74933522076807,0.334115097086229,1.38393103484155,0.293800893958812,0.190577710607201
"c","44_c",1,-1.66130853529215,-2.39776615887166,0.30660808090426,0.57882454043507,0.293800893958812,0.190577710607201
"c","44_c",2,1.66130853529215,-0.390170195652471,0.30660808090426,0.57882454043507,0.293800893958812,0.190577710607201
"c","44_c",3,0,1.13914389778711,0.30660808090426,0.57882454043507,0.293800893958812,0.190577710607201
"c","44_c",4,1.66130853529215,1.74933522076807,0.30660808090426,0.57882454043507,0.293800893958812,0.190577710607201
"c","45_c",1,-3.32261707058431,-2.39776615887166,0.318779582474345,1.59921436254444,0.293800893958812,0.190577710607201
"c","45_c",2,0,-0.390170195652471,0.318779582474345,1.59921436254444,0.293800893958812,0.190577710607201
"c","45_c",3,1.66130853529215,1.13914389778711,0.318779582474345,1.59921436254444,0.293800893958812,0.190577710607201
"c","45_c",4,3.32261707058431,1.74933522076807,0.318779582474345,1.59921436254444,0.293800893958812,0.190577710607201
"c","46_c",1,-3.32261707058431,-2.39776615887166,0.305618852699396,1.49527883043147,0.293800893958812,0.190577710607201
"c","46_c",2,0,-0.390170195652471,0.305618852699396,1.49527883043147,0.293800893958812,0.190577710607201
"c","46_c",3,1.66130853529215,1.13914389778711,0.305618852699396,1.49527883043147,0.293800893958812,0.190577710607201
"c","46_c",4,1.66130853529215,1.74933522076807,0.305618852699396,1.49527883043147,0.293800893958812,0.190577710607201
"c","47_c",1,-4.98392560587646,-2.39776615887166,0.293745242324184,1.4427487142161,0.293800893958812,0.190577710607201
"c","47_c",2,0,-0.390170195652471,0.293745242324184,1.4427487142161,0.293800893958812,0.190577710607201
"c","47_c",3,1.66130853529215,1.13914389778711,0.293745242324184,1.4427487142161,0.293800893958812,0.190577710607201
"c","47_c",4,3.32261707058431,1.74933522076807,0.293745242324184,1.4427487142161,0.293800893958812,0.190577710607201
"c","48_c",1,-1.66130853529215,-2.39776615887166,0.282425598851454,1.49677904105252,0.293800893958812,0.190577710607201
"c","48_c",2,0,-0.390170195652471,0.282425598851454,1.49677904105252,0.293800893958812,0.190577710607201
"c","48_c",3,1.66130853529215,1.13914389778711,0.282425598851454,1.49677904105252,0.293800893958812,0.190577710607201
"c","48_c",4,1.66130853529215,1.74933522076807,0.282425598851454,1.49677904105252,0.293800893958812,0.190577710607201
"c","49_c",1,-3.32261707058431,-2.39776615887166,0.329666614374568,1.25455446738056,0.293800893958812,0.190577710607201
"c","49_c",2,0,-0.390170195652471,0.329666614374568,1.25455446738056,0.293800893958812,0.190577710607201
"c","49_c",3,3.32261707058431,1.13914389778711,0.329666614374568,1.25455446738056,0.293800893958812,0.190577710607201
"c","49_c",4,3.32261707058431,1.74933522076807,0.329666614374568,1.25455446738056,0.293800893958812,0.190577710607201
"c","50_c",1,-3.32261707058431,-2.39776615887166,0.284628244735798,1.67769375729361,0.293800893958812,0.190577710607201
"c","50_c",2,-1.66130853529215,-0.390170195652471,0.284628244735798,1.67769375729361,0.293800893958812,0.190577710607201
"c","50_c",3,1.66130853529215,1.13914389778711,0.284628244735798,1.67769375729361,0.293800893958812,0.190577710607201
"c","50_c",4,3.32261707058431,1.74933522076807,0.284628244735798,1.67769375729361,0.293800893958812,0.190577710607201
"c","51_c",1,-1.66130853529215,-2.39776615887166,0.274476869046183,1.06862755732148,0.293800893958812,0.190577710607201
"c","51_c",2,1.66130853529215,-0.390170195652471,0.274476869046183,1.06862755732148,0.293800893958812,0.190577710607201
"c","51_c",3,3.32261707058431,1.13914389778711,0.274476869046183,1.06862755732148,0.293800893958812,0.190577710607201
"c","51_c",4,1.66130853529215,1.74933522076807,0.274476869046183,1.06862755732148,0.293800893958812,0.190577710607201
"c","52_c",1,-1.66130853529215,-2.39776615887166,0.316773406935215,1.09444067603832,0.293800893958812,0.190577710607201
"c","52_c",2,0,-0.390170195652471,0.316773406935215,1.09444067603832,0.293800893958812,0.190577710607201
"c","52_c",3,3.32261707058431,1.13914389778711,0.316773406935215,1.09444067603832,0.293800893958812,0.190577710607201
"c","52_c",4,3.32261707058431,1.74933522076807,0.316773406935215,1.09444067603832,0.293800893958812,0.190577710607201
"c","53_c",1,-1.66130853529215,-2.39776615887166,0.338520579274523,0.919299712934298,0.293800893958812,0.190577710607201
"c","53_c",2,0,-0.390170195652471,0.338520579274523,0.919299712934298,0.293800893958812,0.190577710607201
"c","53_c",3,1.66130853529215,1.13914389778711,0.338520579274523,0.919299712934298,0.293800893958812,0.190577710607201
"c","53_c",4,1.66130853529215,1.74933522076807,0.338520579274523,0.919299712934298,0.293800893958812,0.190577710607201
"c","54_c",1,-1.66130853529215,-2.39776615887166,0.326389284909493,0.802966244414437,0.293800893958812,0.190577710607201
"c","54_c",2,0,-0.390170195652471,0.326389284909493,0.802966244414437,0.293800893958812,0.190577710607201
"c","54_c",3,3.32261707058431,1.13914389778711,0.326389284909493,0.802966244414437,0.293800893958812,0.190577710607201
"c","54_c",4,1.66130853529215,1.74933522076807,0.326389284909493,0.802966244414437,0.293800893958812,0.190577710607201
"c","55_c",1,-3.32261707058431,-2.39776615887166,0.244431954758514,1.69974590099914,0.293800893958812,0.190577710607201
"c","55_c",2,-1.66130853529215,-0.390170195652471,0.244431954758514,1.69974590099914,0.293800893958812,0.190577710607201
"c","55_c",3,3.32261707058431,1.13914389778711,0.244431954758514,1.69974590099914,0.293800893958812,0.190577710607201
"c","55_c",4,3.32261707058431,1.74933522076807,0.244431954758514,1.69974590099914,0.293800893958812,0.190577710607201
"c","56_c",1,-1.66130853529215,-2.39776615887166,0.348183728048049,0.995973439477976,0.293800893958812,0.190577710607201
"c","56_c",2,-1.66130853529215,-0.390170195652471,0.348183728048049,0.995973439477976,0.293800893958812,0.190577710607201
"c","56_c",3,0,1.13914389778711,0.348183728048049,0.995973439477976,0.293800893958812,0.190577710607201
"c","56_c",4,3.32261707058431,1.74933522076807,0.348183728048049,0.995973439477976,0.293800893958812,0.190577710607201
"c","57_c",1,-1.66130853529215,-2.39776615887166,0.303636359465244,0.91122457320523,0.293800893958812,0.190577710607201
"c","57_c",2,0,-0.390170195652471,0.303636359465244,0.91122457320523,0.293800893958812,0.190577710607201
"c","57_c",3,0,1.13914389778711,0.303636359465244,0.91122457320523,0.293800893958812,0.190577710607201
"c","57_c",4,3.32261707058431,1.74933522076807,0.303636359465244,0.91122457320523,0.293800893958812,0.190577710607201
"c","58_c",1,-1.66130853529215,-2.39776615887166,0.296144065470672,0.931120563009373,0.293800893958812,0.190577710607201
"c","58_c",2,1.66130853529215,-0.390170195652471,0.296144065470672,0.931120563009373,0.293800893958812,0.190577710607201
"c","58_c",3,1.66130853529215,1.13914389778711,0.296144065470672,0.931120563009373,0.293800893958812,0.190577710607201
"c","58_c",4,3.32261707058431,1.74933522076807,0.296144065470672,0.931120563009373,0.293800893958812,0.190577710607201
"c","59_c",1,-1.66130853529215,-2.39776615887166,0.29831415852683,1.03297075427032,0.293800893958812,0.190577710607201
"c","59_c",2,0,-0.390170195652471,0.29831415852683,1.03297075427032,0.293800893958812,0.190577710607201
"c","59_c",3,0,1.13914389778711,0.29831415852683,1.03297075427032,0.293800893958812,0.190577710607201
"c","59_c",4,3.32261707058431,1.74933522076807,0.29831415852683,1.03297075427032,0.293800893958812,0.190577710607201
"c","60_c",1,0,-2.39776615887166,0.259170626842675,0.661283796228933,0.293800893958812,0.190577710607201
"c","60_c",2,1.66130853529215,-0.390170195652471,0.259170626842675,0.661283796228933,0.293800893958812,0.190577710607201
"c","60_c",3,0,1.13914389778711,0.259170626842675,0.661283796228933,0.293800893958812,0.190577710607201
"c","60_c",4,3.32261707058431,1.74933522076807,0.259170626842675,0.661283796228933,0.293800893958812,0.190577710607201
"c","61_c",1,-1.66130853529215,-2.39776615887166,0.256481822872142,0.654508755911696,0.293800893958812,0.190577710607201
"c","61_c",2,1.66130853529215,-0.390170195652471,0.256481822872142,0.654508755911696,0.293800893958812,0.190577710607201
"c","61_c",3,0,1.13914389778711,0.256481822872142,0.654508755911696,0.293800893958812,0.190577710607201
"c","61_c",4,0,1.74933522076807,0.256481822872142,0.654508755911696,0.293800893958812,0.190577710607201
"c","62_c",1,-1.66130853529215,-2.39776615887166,0.319821359435833,1.08051942627673,0.293800893958812,0.190577710607201
"c","62_c",2,0,-0.390170195652471,0.319821359435833,1.08051942627673,0.293800893958812,0.190577710607201
"c","62_c",3,0,1.13914389778711,0.319821359435833,1.08051942627673,0.293800893958812,0.190577710607201
"c","62_c",4,1.66130853529215,1.74933522076807,0.319821359435833,1.08051942627673,0.293800893958812,0.190577710607201
"c","63_c",1,-3.32261707058431,-2.39776615887166,0.286349794815217,1.2700591765344,0.293800893958812,0.190577710607201
"c","63_c",2,-1.66130853529215,-0.390170195652471,0.286349794815217,1.2700591765344,0.293800893958812,0.190577710607201
"c","63_c",3,3.32261707058431,1.13914389778711,0.286349794815217,1.2700591765344,0.293800893958812,0.190577710607201
"c","63_c",4,1.66130853529215,1.74933522076807,0.286349794815217,1.2700591765344,0.293800893958812,0.190577710607201
"c","64_c",1,-1.66130853529215,-2.39776615887166,0.336100236591552,1.01329789773846,0.293800893958812,0.190577710607201
"c","64_c",2,1.66130853529215,-0.390170195652471,0.336100236591552,1.01329789773846,0.293800893958812,0.190577710607201
"c","64_c",3,0,1.13914389778711,0.336100236591552,1.01329789773846,0.293800893958812,0.190577710607201
"c","64_c",4,1.66130853529215,1.74933522076807,0.336100236591552,1.01329789773846,0.293800893958812,0.190577710607201
"c","65_c",1,-4.98392560587646,-2.39776615887166,0.315127622583179,1.71939650841647,0.293800893958812,0.190577710607201
"c","65_c",2,0,-0.390170195652471,0.315127622583179,1.71939650841647,0.293800893958812,0.190577710607201
"c","65_c",3,1.66130853529215,1.13914389778711,0.315127622583179,1.71939650841647,0.293800893958812,0.190577710607201
"c","65_c",4,3.32261707058431,1.74933522076807,0.315127622583179,1.71939650841647,0.293800893958812,0.190577710607201
"c","66_c",1,-3.32261707058431,-2.39776615887166,0.243308844070036,1.47625598892675,0.293800893958812,0.190577710607201
"c","66_c",2,0,-0.390170195652471,0.243308844070036,1.47625598892675,0.293800893958812,0.190577710607201
"c","66_c",3,1.66130853529215,1.13914389778711,0.243308844070036,1.47625598892675,0.293800893958812,0.190577710607201
"c","66_c",4,1.66130853529215,1.74933522076807,0.243308844070036,1.47625598892675,0.293800893958812,0.190577710607201
"c","67_c",1,-1.66130853529215,-2.39776615887166,0.334449574886383,0.87462627689252,0.293800893958812,0.190577710607201
"c","67_c",2,0,-0.390170195652471,0.334449574886383,0.87462627689252,0.293800893958812,0.190577710607201
"c","67_c",3,1.66130853529215,1.13914389778711,0.334449574886383,0.87462627689252,0.293800893958812,0.190577710607201
"c","67_c",4,1.66130853529215,1.74933522076807,0.334449574886383,0.87462627689252,0.293800893958812,0.190577710607201
"c","68_c",1,-1.66130853529215,-2.39776615887166,0.342524676967842,0.659109572839198,0.293800893958812,0.190577710607201
"c","68_c",2,0,-0.390170195652471,0.342524676967842,0.659109572839198,0.293800893958812,0.190577710607201
"c","68_c",3,3.32261707058431,1.13914389778711,0.342524676967842,0.659109572839198,0.293800893958812,0.190577710607201
"c","68_c",4,1.66130853529215,1.74933522076807,0.342524676967842,0.659109572839198,0.293800893958812,0.190577710607201
"c","69_c",1,-1.66130853529215,-2.39776615887166,0.368557979120044,1.26440245062978,0.293800893958812,0.190577710607201
"c","69_c",2,0,-0.390170195652471,0.368557979120044,1.26440245062978,0.293800893958812,0.190577710607201
"c","69_c",3,0,1.13914389778711,0.368557979120044,1.26440245062978,0.293800893958812,0.190577710607201
"c","69_c",4,3.32261707058431,1.74933522076807,0.368557979120044,1.26440245062978,0.293800893958812,0.190577710607201
"c","70_c",1,-1.66130853529215,-2.39776615887166,0.328096963186874,0.675368904178611,0.293800893958812,0.190577710607201
"c","70_c",2,0,-0.390170195652471,0.328096963186874,0.675368904178611,0.293800893958812,0.190577710607201
"c","70_c",3,0,1.13914389778711,0.328096963186874,0.675368904178611,0.293800893958812,0.190577710607201
"c","70_c",4,1.66130853529215,1.74933522076807,0.328096963186874,0.675368904178611,0.293800893958812,0.190577710607201
"c","71_c",1,-1.66130853529215,-2.39776615887166,0.457029121912588,0.875319028067708,0.293800893958812,0.190577710607201
"c","71_c",2,1.66130853529215,-0.390170195652471,0.457029121912588,0.875319028067708,0.293800893958812,0.190577710607201
"c","71_c",3,3.32261707058431,1.13914389778711,0.457029121912588,0.875319028067708,0.293800893958812,0.190577710607201
"c","71_c",4,1.66130853529215,1.74933522076807,0.457029121912588,0.875319028067708,0.293800893958812,0.190577710607201
"c","72_c",1,-1.66130853529215,-2.39776615887166,0.21545662900903,1.02991880243789,0.293800893958812,0.190577710607201
"c","72_c",2,0,-0.390170195652471,0.21545662900903,1.02991880243789,0.293800893958812,0.190577710607201
"c","72_c",3,1.66130853529215,1.13914389778711,0.21545662900903,1.02991880243789,0.293800893958812,0.190577710607201
"c","72_c",4,1.66130853529215,1.74933522076807,0.21545662900903,1.02991880243789,0.293800893958812,0.190577710607201
"c","73_c",1,-3.32261707058431,-2.39776615887166,0.341739228696047,1.3167261243939,0.293800893958812,0.190577710607201
"c","73_c",2,0,-0.390170195652471,0.341739228696047,1.3167261243939,0.293800893958812,0.190577710607201
"c","73_c",3,1.66130853529215,1.13914389778711,0.341739228696047,1.3167261243939,0.293800893958812,0.190577710607201
"c","73_c",4,1.66130853529215,1.74933522076807,0.341739228696047,1.3167261243939,0.293800893958812,0.190577710607201
"c","74_c",1,-3.32261707058431,-2.39776615887166,0.343150073917532,1.50108950441442,0.293800893958812,0.190577710607201
"c","74_c",2,0,-0.390170195652471,0.343150073917532,1.50108950441442,0.293800893958812,0.190577710607201
"c","74_c",3,1.66130853529215,1.13914389778711,0.343150073917532,1.50108950441442,0.293800893958812,0.190577710607201
"c","74_c",4,1.66130853529215,1.74933522076807,0.343150073917532,1.50108950441442,0.293800893958812,0.190577710607201
"c","75_c",1,-1.66130853529215,-2.39776615887166,0.259422559967894,0.559425438476258,0.293800893958812,0.190577710607201
"c","75_c",2,-1.66130853529215,-0.390170195652471,0.259422559967894,0.559425438476258,0.293800893958812,0.190577710607201
"c","75_c",3,0,1.13914389778711,0.259422559967894,0.559425438476258,0.293800893958812,0.190577710607201
"c","75_c",4,1.66130853529215,1.74933522076807,0.259422559967894,0.559425438476258,0.293800893958812,0.190577710607201
"c","76_c",1,0,-2.39776615887166,0.252887945316898,0.560434887235774,0.293800893958812,0.190577710607201
"c","76_c",2,1.66130853529215,-0.390170195652471,0.252887945316898,0.560434887235774,0.293800893958812,0.190577710607201
"c","76_c",3,1.66130853529215,1.13914389778711,0.252887945316898,0.560434887235774,0.293800893958812,0.190577710607201
"c","76_c",4,1.66130853529215,1.74933522076807,0.252887945316898,0.560434887235774,0.293800893958812,0.190577710607201
"c","77_c",1,-1.66130853529215,-2.39776615887166,0.261382488636515,0.912462274165861,0.293800893958812,0.190577710607201
"c","77_c",2,0,-0.390170195652471,0.261382488636515,0.912462274165861,0.293800893958812,0.190577710607201
"c","77_c",3,1.66130853529215,1.13914389778711,0.261382488636515,0.912462274165861,0.293800893958812,0.190577710607201
"c","77_c",4,1.66130853529215,1.74933522076807,0.261382488636515,0.912462274165861,0.293800893958812,0.190577710607201
"c","78_c",1,-1.66130853529215,-2.39776615887166,0.244018627029577,0.97232622019246,0.293800893958812,0.190577710607201
"c","78_c",2,0,-0.390170195652471,0.244018627029577,0.97232622019246,0.293800893958812,0.190577710607201
"c","78_c",3,1.66130853529215,1.13914389778711,0.244018627029577,0.97232622019246,0.293800893958812,0.190577710607201
"c","78_c",4,1.66130853529215,1.74933522076807,0.244018627029577,0.97232622019246,0.293800893958812,0.190577710607201
"c","79_c",1,-3.32261707058431,-2.39776615887166,0.308667544232533,0.968477439895676,0.293800893958812,0.190577710607201
"c","79_c",2,-1.66130853529215,-0.390170195652471,0.308667544232533,0.968477439895676,0.293800893958812,0.190577710607201
"c","79_c",3,0,1.13914389778711,0.308667544232533,0.968477439895676,0.293800893958812,0.190577710607201
"c","79_c",4,0,1.74933522076807,0.308667544232533,0.968477439895676,0.293800893958812,0.190577710607201
"c","80_c",1,-4.98392560587646,-2.39776615887166,0.269876039843339,1.62894357231538,0.293800893958812,0.190577710607201
"c","80_c",2,-1.66130853529215,-0.390170195652471,0.269876039843339,1.62894357231538,0.293800893958812,0.190577710607201
"c","80_c",3,3.32261707058431,1.13914389778711,0.269876039843339,1.62894357231538,0.293800893958812,0.190577710607201
"c","80_c",4,3.32261707058431,1.74933522076807,0.269876039843339,1.62894357231538,0.293800893958812,0.190577710607201
"c","81_c",1,-3.32261707058431,-2.39776615887166,0.222161754837736,1.33570678065288,0.293800893958812,0.190577710607201
"c","81_c",2,0,-0.390170195652471,0.222161754837736,1.33570678065288,0.293800893958812,0.190577710607201
"c","81_c",3,1.66130853529215,1.13914389778711,0.222161754837736,1.33570678065288,0.293800893958812,0.190577710607201
"c","81_c",4,3.32261707058431,1.74933522076807,0.222161754837736,1.33570678065288,0.293800893958812,0.190577710607201
"c","82_c",1,-1.66130853529215,-2.39776615887166,0.3160331735216,0.816930760887302,0.293800893958812,0.190577710607201
"c","82_c",2,0,-0.390170195652471,0.3160331735216,0.816930760887302,0.293800893958812,0.190577710607201
"c","82_c",3,1.66130853529215,1.13914389778711,0.3160331735216,0.816930760887302,0.293800893958812,0.190577710607201
"c","82_c",4,3.32261707058431,1.74933522076807,0.3160331735216,0.816930760887302,0.293800893958812,0.190577710607201
"c","83_c",1,-3.32261707058431,-2.39776615887166,0.28344523655381,1.16928984489455,0.293800893958812,0.190577710607201
"c","83_c",2,0,-0.390170195652471,0.28344523655381,1.16928984489455,0.293800893958812,0.190577710607201
"c","83_c",3,1.66130853529215,1.13914389778711,0.28344523655381,1.16928984489455,0.293800893958812,0.190577710607201
"c","83_c",4,1.66130853529215,1.74933522076807,0.28344523655381,1.16928984489455,0.293800893958812,0.190577710607201
"c","84_c",1,-1.66130853529215,-2.39776615887166,0.378174602991493,1.17451063395938,0.293800893958812,0.190577710607201
"c","84_c",2,-1.66130853529215,-0.390170195652471,0.378174602991493,1.17451063395938,0.293800893958812,0.190577710607201
"c","84_c",3,3.32261707058431,1.13914389778711,0.378174602991493,1.17451063395938,0.293800893958812,0.190577710607201
"c","84_c",4,3.32261707058431,1.74933522076807,0.378174602991493,1.17451063395938,0.293800893958812,0.190577710607201
"c","85_c",1,-1.66130853529215,-2.39776615887166,0.216630941696546,0.871478398615769,0.293800893958812,0.190577710607201
"c","85_c",2,0,-0.390170195652471,0.216630941696546,0.871478398615769,0.293800893958812,0.190577710607201
"c","85_c",3,1.66130853529215,1.13914389778711,0.216630941696546,0.871478398615769,0.293800893958812,0.190577710607201
"c","85_c",4,1.66130853529215,1.74933522076807,0.216630941696546,0.871478398615769,0.293800893958812,0.190577710607201
"c","86_c",1,-3.32261707058431,-2.39776615887166,0.250400242582269,1.29650183723604,0.293800893958812,0.190577710607201
"c","86_c",2,0,-0.390170195652471,0.250400242582269,1.29650183723604,0.293800893958812,0.190577710607201
"c","86_c",3,1.66130853529215,1.13914389778711,0.250400242582269,1.29650183723604,0.293800893958812,0.190577710607201
"c","86_c",4,3.32261707058431,1.74933522076807,0.250400242582269,1.29650183723604,0.293800893958812,0.190577710607201
"c","87_c",1,-6.64523414116861,-2.39776615887166,0.248857107206971,2.17135986499489,0.293800893958812,0.190577710607201
"c","87_c",2,0,-0.390170195652471,0.248857107206971,2.17135986499489,0.293800893958812,0.190577710607201
"c","87_c",3,3.32261707058431,1.13914389778711,0.248857107206971,2.17135986499489,0.293800893958812,0.190577710607201
"c","87_c",4,3.32261707058431,1.74933522076807,0.248857107206971,2.17135986499489,0.293800893958812,0.190577710607201
"c","88_c",1,-3.32261707058431,-2.39776615887166,0.256712996768813,1.38003638370928,0.293800893958812,0.190577710607201
"c","88_c",2,-1.66130853529215,-0.390170195652471,0.256712996768813,1.38003638370928,0.293800893958812,0.190577710607201
"c","88_c",3,1.66130853529215,1.13914389778711,0.256712996768813,1.38003638370928,0.293800893958812,0.190577710607201
"c","88_c",4,3.32261707058431,1.74933522076807,0.256712996768813,1.38003638370928,0.293800893958812,0.190577710607201
"c","89_c",1,-3.32261707058431,-2.39776615887166,0.347679361438047,0.646003997324666,0.293800893958812,0.190577710607201
"c","89_c",2,0,-0.390170195652471,0.347679361438047,0.646003997324666,0.293800893958812,0.190577710607201
"c","89_c",3,0,1.13914389778711,0.347679361438047,0.646003997324666,0.293800893958812,0.190577710607201
"c","89_c",4,0,1.74933522076807,0.347679361438047,0.646003997324666,0.293800893958812,0.190577710607201
"c","90_c",1,0,-2.39776615887166,0.244254949241805,0.88084357803296,0.293800893958812,0.190577710607201
"c","90_c",2,0,-0.390170195652471,0.244254949241805,0.88084357803296,0.293800893958812,0.190577710607201
"c","90_c",3,0,1.13914389778711,0.244254949241805,0.88084357803296,0.293800893958812,0.190577710607201
"c","90_c",4,1.66130853529215,1.74933522076807,0.244254949241805,0.88084357803296,0.293800893958812,0.190577710607201
"c","91_c",1,-1.66130853529215,-2.39776615887166,0.256309893366145,0.568908556215717,0.293800893958812,0.190577710607201
"c","91_c",2,-1.66130853529215,-0.390170195652471,0.256309893366145,0.568908556215717,0.293800893958812,0.190577710607201
"c","91_c",3,0,1.13914389778711,0.256309893366145,0.568908556215717,0.293800893958812,0.190577710607201
"c","91_c",4,0,1.74933522076807,0.256309893366145,0.568908556215717,0.293800893958812,0.190577710607201
"c","92_c",1,-4.98392560587646,-2.39776615887166,0.296646775083833,2.07035664629525,0.293800893958812,0.190577710607201
"c","92_c",2,1.66130853529215,-0.390170195652471,0.296646775083833,2.07035664629525,0.293800893958812,0.190577710607201
"c","92_c",3,1.66130853529215,1.13914389778711,0.296646775083833,2.07035664629525,0.293800893958812,0.190577710607201
"c","92_c",4,3.32261707058431,1.74933522076807,0.296646775083833,2.07035664629525,0.293800893958812,0.190577710607201
"c","93_c",1,0,-2.39776615887166,0.335190167348303,0.423779600245532,0.293800893958812,0.190577710607201
"c","93_c",2,0,-0.390170195652471,0.335190167348303,0.423779600245532,0.293800893958812,0.190577710607201
"c","93_c",3,0,1.13914389778711,0.335190167348303,0.423779600245532,0.293800893958812,0.190577710607201
"c","93_c",4,0,1.74933522076807,0.335190167348303,0.423779600245532,0.293800893958812,0.190577710607201
"c","94_c",1,0,-2.39776615887166,0.335421130847677,0.563375459043241,0.293800893958812,0.190577710607201
"c","94_c",2,0,-0.390170195652471,0.335421130847677,0.563375459043241,0.293800893958812,0.190577710607201
"c","94_c",3,1.66130853529215,1.13914389778711,0.335421130847677,0.563375459043241,0.293800893958812,0.190577710607201
"c","94_c",4,1.66130853529215,1.74933522076807,0.335421130847677,0.563375459043241,0.293800893958812,0.190577710607201
"c","95_c",1,-4.98392560587646,-2.39776615887166,0.150791614776656,1.51271007931004,0.293800893958812,0.190577710607201
"c","95_c",2,0,-0.390170195652471,0.150791614776656,1.51271007931004,0.293800893958812,0.190577710607201
"c","95_c",3,1.66130853529215,1.13914389778711,0.150791614776656,1.51271007931004,0.293800893958812,0.190577710607201
"c","95_c",4,3.32261707058431,1.74933522076807,0.150791614776656,1.51271007931004,0.293800893958812,0.190577710607201
"c","96_c",1,-4.98392560587646,-2.39776615887166,0.354458246620265,1.97346409091868,0.293800893958812,0.190577710607201
"c","96_c",2,0,-0.390170195652471,0.354458246620265,1.97346409091868,0.293800893958812,0.190577710607201
"c","96_c",3,1.66130853529215,1.13914389778711,0.354458246620265,1.97346409091868,0.293800893958812,0.190577710607201
"c","96_c",4,3.32261707058431,1.74933522076807,0.354458246620265,1.97346409091868,0.293800893958812,0.190577710607201
"c","97_c",1,-1.66130853529215,-2.39776615887166,0.28588147924656,0.617726344159181,0.293800893958812,0.190577710607201
"c","97_c",2,-1.66130853529215,-0.390170195652471,0.28588147924656,0.617726344159181,0.293800893958812,0.190577710607201
"c","97_c",3,1.66130853529215,1.13914389778711,0.28588147924656,0.617726344159181,0.293800893958812,0.190577710607201
"c","97_c",4,3.32261707058431,1.74933522076807,0.28588147924656,0.617726344159181,0.293800893958812,0.190577710607201
"c","98_c",1,0,-2.39776615887166,0.334908639360707,0.669452209128899,0.293800893958812,0.190577710607201
"c","98_c",2,0,-0.390170195652471,0.334908639360707,0.669452209128899,0.293800893958812,0.190577710607201
"c","98_c",3,1.66130853529215,1.13914389778711,0.334908639360707,0.669452209128899,0.293800893958812,0.190577710607201
"c","98_c",4,1.66130853529215,1.74933522076807,0.334908639360707,0.669452209128899,0.293800893958812,0.190577710607201
"c","99_c",1,-3.32261707058431,-2.39776615887166,0.261369290520497,1.49139724030939,0.293800893958812,0.190577710607201
"c","99_c",2,0,-0.390170195652471,0.261369290520497,1.49139724030939,0.293800893958812,0.190577710607201
"c","99_c",3,0,1.13914389778711,0.261369290520497,1.49139724030939,0.293800893958812,0.190577710607201
"c","99_c",4,3.32261707058431,1.74933522076807,0.261369290520497,1.49139724030939,0.293800893958812,0.190577710607201
"c","100_c",1,-1.66130853529215,-2.39776615887166,0.309218726875001,0.881264087296825,0.293800893958812,0.190577710607201
"c","100_c",2,0,-0.390170195652471,0.309218726875001,0.881264087296825,0.293800893958812,0.190577710607201
"c","100_c",3,1.66130853529215,1.13914389778711,0.309218726875001,0.881264087296825,0.293800893958812,0.190577710607201
"c","100_c",4,3.32261707058431,1.74933522076807,0.309218726875001,0.881264087296825,0.293800893958812,0.190577710607201
